id;status;json_data;name;chart_id;created_by;created_date;last_modified_by;last_modified_date;del_status
1;ACT;;FelisSedInterdum.saveme;264;system;2017-12-27 16:45:56;;2016-06-14 08:01:40;false
2;ACT;;UtErat.voc;196;system;2018-01-14 06:22:39;;2017-04-02 04:38:59;false
3;ACT;;SedNislNunc.doc;170;system;2017-08-12 00:41:13;;2017-01-04 18:04:19;false
4;ACT;;DonecUtDolor.sid;53;system;2017-09-15 15:05:19;;2016-07-29 04:40:51;false
5;ACT;;Aenean.xlw;285;system;2017-11-07 03:17:14;;2016-04-28 08:28:56;false
6;ACT;;NullaNislNunc.z;283;system;2017-06-13 23:06:04;;2016-08-30 09:06:45;false
7;ACT;;TinciduntInLeo.bin;226;system;2017-09-02 03:40:22;;2017-01-21 16:38:09;false
8;ACT;;CursusUrnaUt.zip;97;system;2018-03-08 16:02:56;;2016-04-04 21:30:53;false
9;ACT;;In.mbd;18;system;2018-01-17 15:30:18;;2016-12-17 12:24:24;false
10;ACT;;EgestasMetus.wp5;129;system;2018-02-20 19:58:14;;2016-07-22 08:31:07;false
11;ACT;;NonVelit.rng;134;system;2017-11-25 05:03:42;;2016-12-15 05:47:58;false
12;ACT;;InFaucibusOrci.js;129;system;2018-01-30 22:40:11;;2016-05-18 17:38:50;false
13;ACT;;CuraeNullaDapibus.xls;74;system;2017-10-23 07:18:51;;2016-08-03 08:41:59;false
14;ACT;;MaurisEnimLeo.qd3;160;system;2017-07-13 16:14:42;;2016-04-15 23:20:39;false
15;ACT;;AcNequeDuis.flx;112;system;2017-06-19 09:34:28;;2016-08-05 20:21:54;false
16;ACT;;Fermentum.nc;131;system;2017-09-06 14:28:58;;2016-05-02 17:51:47;false
17;ACT;;Non.acgi;186;system;2017-05-27 21:57:35;;2017-02-17 13:14:28;false
18;ACT;;Gravida.mime;215;system;2017-12-20 21:59:53;;2016-08-04 20:20:08;false
19;ACT;;OrciEgetOrci.xlt;182;system;2017-04-23 03:56:27;;2016-11-26 04:23:07;false
20;ACT;;TinciduntAnte.ras;215;system;2017-06-21 14:32:56;;2017-02-15 03:23:03;false
21;ACT;;NonummyInteger.src;277;system;2017-12-07 23:18:13;;2016-11-27 21:12:29;false
22;ACT;;IntegerAliquet.nc;286;system;2017-05-19 19:00:21;;2016-06-26 00:44:38;false
23;ACT;;PosuereFelis.pas;260;system;2018-02-20 06:43:48;;2016-04-20 14:40:22;false
24;ACT;;NatoquePenatibus.cat;160;system;2017-05-12 17:44:58;;2016-09-01 15:42:01;false
25;ACT;;EtUltricesPosuere.dxf;176;system;2017-09-07 18:12:17;;2016-04-27 10:33:54;false
26;ACT;;EtEros.tif;197;system;2017-06-29 17:26:04;;2017-02-22 11:56:33;false
27;ACT;;NislAenean.ico;37;system;2017-07-20 18:53:56;;2016-09-03 05:08:39;false
28;ACT;;MolestieLoremQuisque.voc;175;system;2017-05-31 06:10:44;;2016-11-02 04:26:49;false
29;ACT;;LaciniaEgetTincidunt.gsm;262;system;2017-11-28 18:14:07;;2017-03-13 14:16:28;false
30;ACT;;LacusAt.rast;136;system;2017-11-17 01:32:19;;2016-05-11 05:24:36;false
31;ACT;;OrciLuctusEt.xlc;118;system;2017-06-24 10:22:24;;2016-07-13 03:48:52;false
32;ACT;;Neque.rt;206;system;2017-11-28 08:09:09;;2017-02-09 19:43:32;false
33;ACT;;LiberoRutrum.ppa;274;system;2018-03-13 18:35:38;;2016-06-28 10:31:29;false
34;ACT;;UtMassaVolutpat.xwd;160;system;2017-07-30 07:04:20;;2016-06-30 07:31:03;false
35;ACT;;NuncNisl.dv;76;system;2017-09-21 23:08:36;;2017-01-06 19:18:14;false
36;ACT;;PretiumQuis.mme;192;system;2017-12-09 19:45:48;;2016-09-10 10:12:21;false
37;ACT;;TurpisIntegerAliquet.htt;300;system;2018-02-25 11:32:51;;2016-05-16 16:08:33;false
38;ACT;;MetusAenean.mjf;130;system;2018-01-19 11:00:10;;2016-05-20 23:03:10;false
39;ACT;;NequeDuis.env;5;system;2017-05-15 03:54:16;;2017-03-20 14:34:07;false
40;ACT;;At.hlp;188;system;2018-01-21 11:14:00;;2016-04-25 01:52:20;false
41;ACT;;VelitDonecDiam.der;58;system;2017-10-21 10:09:47;;2016-08-11 19:02:32;false
42;ACT;;Odio.mjf;181;system;2017-09-30 17:31:54;;2016-08-01 21:14:22;false
43;ACT;;Nullam.xpm;148;system;2017-10-30 06:32:12;;2017-03-09 15:27:06;false
44;ACT;;VivamusMetus.mov;215;system;2017-06-15 05:41:37;;2016-07-10 16:35:34;false
45;ACT;;Eget.mpt;267;system;2018-03-19 12:19:44;;2016-05-18 20:42:57;false
46;ACT;;Interdum.mme;98;system;2018-01-06 13:12:16;;2017-03-07 14:48:09;false
47;ACT;;Sit.elc;22;system;2017-05-05 14:19:06;;2017-03-24 01:07:25;false
48;ACT;;NullaDapibusDolor.lzh;76;system;2018-03-30 00:58:31;;2017-02-06 12:47:08;false
49;ACT;;Nam.cer;105;system;2017-08-27 13:58:42;;2016-05-02 05:36:27;false
50;ACT;;NequeDuis.gsd;7;system;2018-01-14 01:22:33;;2016-10-09 10:05:55;false
51;ACT;;IntegerTincidunt.htmls;167;system;2018-01-16 16:21:06;;2016-12-20 22:59:38;false
52;ACT;;Ut.ra;206;system;2017-09-02 17:27:02;;2016-12-07 17:44:34;false
53;ACT;;DonecDiam.sv4cpio;87;system;2017-07-18 21:34:07;;2016-04-18 06:36:43;false
54;ACT;;Risus.vrml;8;system;2018-02-25 09:30:31;;2016-11-15 09:27:43;false
55;ACT;;Platea.rgb;292;system;2017-10-20 03:40:51;;2016-08-24 09:47:05;false
56;ACT;;NullamMolestieNibh.aifc;18;system;2017-07-14 11:11:01;;2016-06-27 07:06:49;false
57;ACT;;AcDiam.arj;289;system;2017-09-04 10:42:03;;2017-01-09 07:28:05;false
58;ACT;;NonSodales.ai;170;system;2017-09-12 16:00:45;;2017-03-15 09:39:31;false
59;ACT;;SedJusto.aos;109;system;2017-10-23 22:25:26;;2017-03-24 06:43:43;false
60;ACT;;TortorRisus.text;253;system;2017-08-05 11:41:05;;2016-07-09 15:28:22;false
61;ACT;;InLectusPellentesque.mid;1;system;2017-08-13 03:42:13;;2016-08-28 03:50:10;false
62;ACT;;NisiEuOrci.xll;137;system;2017-09-27 07:24:42;;2016-05-21 23:56:00;false
63;ACT;;SedSagittis.dif;300;system;2017-09-01 23:43:12;;2016-08-28 14:32:36;false
64;ACT;;VelAccumsan.pkg;255;system;2017-10-25 00:43:39;;2016-04-10 19:18:36;false
65;ACT;;Cum.xml;214;system;2017-07-12 02:33:50;;2016-12-19 16:44:33;false
66;ACT;;Quam.uil;174;system;2017-08-28 14:19:44;;2016-09-21 22:08:32;false
67;ACT;;Parturient.pl;92;system;2018-01-16 09:07:28;;2016-05-01 21:07:33;false
68;ACT;;JustoEuMassa.vos;155;system;2017-10-03 17:27:53;;2016-04-29 08:13:43;false
69;ACT;;SapienIn.wiz;264;system;2017-09-24 08:25:24;;2016-11-01 03:16:46;false
70;ACT;;NonVelitNec.ai;127;system;2017-12-07 16:30:20;;2016-05-14 05:05:18;false
71;ACT;;DiamCras.iefs;210;system;2017-11-21 23:52:36;;2016-07-15 02:40:56;false
72;ACT;;RisusPraesent.elc;277;system;2017-09-14 08:33:17;;2017-02-28 00:43:47;false
73;ACT;;VestibulumAnteIpsum.wq1;45;system;2017-05-28 07:20:01;;2016-10-24 10:32:50;false
74;ACT;;Dictumst.arc;264;system;2018-03-04 21:45:05;;2017-03-01 10:52:23;false
75;ACT;;Quam.crt;204;system;2017-10-07 03:41:10;;2016-04-20 00:54:01;false
76;ACT;;VelitNecNisi.ra;91;system;2017-07-02 09:10:07;;2016-10-23 09:44:48;false
77;ACT;;DonecSemperSapien.vrml;94;system;2018-01-16 16:25:02;;2016-10-05 00:33:11;false
78;ACT;;Sapien.js;280;system;2018-03-11 07:42:16;;2016-11-15 18:08:57;false
79;ACT;;TristiqueTortor.xlv;185;system;2017-08-25 00:14:43;;2016-05-22 10:45:00;false
80;ACT;;Magnis.aos;163;system;2017-11-18 17:58:00;;2016-08-17 10:47:27;false
81;ACT;;LobortisLigula.mov;81;system;2017-06-06 16:35:51;;2016-08-18 16:03:19;false
82;ACT;;QuisAugueLuctus.midi;96;system;2017-05-28 01:47:07;;2016-05-26 23:01:42;false
83;ACT;;Sed.gzip;123;system;2018-02-09 06:55:19;;2016-07-20 17:44:34;false
84;ACT;;ConvallisEgetEleifend.hta;129;system;2017-09-02 00:28:19;;2017-01-19 10:25:12;false
85;ACT;;FusceLacus.css;81;system;2017-07-31 12:11:27;;2016-07-11 22:08:17;false
86;ACT;;Id.ras;23;system;2017-09-11 09:46:06;;2016-07-26 21:04:44;false
87;ACT;;DapibusAtDiam.scm;228;system;2018-03-11 00:00:37;;2016-07-25 10:20:01;false
88;ACT;;Dictumst.rtf;19;system;2017-08-04 13:44:52;;2016-08-15 10:18:59;false
89;ACT;;NamTristique.evy;263;system;2018-01-17 17:40:50;;2017-02-27 09:59:41;false
90;ACT;;TellusIn.jav;118;system;2017-10-04 03:40:28;;2017-01-17 01:16:22;false
91;ACT;;Nulla.pko;89;system;2018-02-11 07:21:39;;2017-02-20 10:37:42;false
92;ACT;;NislDuis.vst;246;system;2017-04-06 08:18:39;;2016-12-28 19:01:57;false
93;ACT;;EstLacinia.svr;49;system;2017-12-21 22:49:45;;2016-09-29 05:47:09;false
94;ACT;;DapibusAtDiam.fpx;114;system;2017-07-25 12:26:36;;2016-06-05 23:44:54;false
95;ACT;;PhasellusInFelis.asx;259;system;2017-12-06 00:35:01;;2016-04-22 10:00:49;false
96;ACT;;TristiqueInTempus.dl;273;system;2017-11-03 13:22:42;;2017-03-06 03:05:07;false
97;ACT;;In.jam;138;system;2018-01-04 13:45:56;;2017-02-04 12:45:00;false
98;ACT;;EtUltrices.xla;199;system;2017-07-30 05:33:26;;2016-10-09 17:10:23;false
99;ACT;;Pede.rt;146;system;2018-02-24 15:28:43;;2016-08-29 05:46:58;false
100;ACT;;EuSapien.swf;80;system;2018-03-26 07:14:55;;2017-01-31 04:50:25;false
101;ACT;;Congue.stl;162;system;2017-12-20 01:30:21;;2016-09-09 09:25:13;false
102;ACT;;TellusNisiEu.vrml;130;system;2018-02-26 15:19:37;;2016-04-11 00:03:26;false
103;ACT;;CongueEtiam.f90;98;system;2018-03-25 00:07:26;;2016-06-11 05:03:46;false
104;ACT;;EnimLorem.elc;191;system;2017-07-05 02:14:22;;2016-11-15 23:15:41;false
105;ACT;;Porta.imap;276;system;2018-03-17 09:10:00;;2016-10-01 05:59:00;false
106;ACT;;PretiumNisl.zip;89;system;2017-10-18 07:55:05;;2016-08-23 13:28:50;false
107;ACT;;Eu.pvu;195;system;2017-04-12 00:09:45;;2016-09-29 15:53:38;false
108;ACT;;EgetEleifendLuctus.dxf;250;system;2017-11-14 17:54:34;;2016-10-07 21:07:17;false
109;ACT;;ALiberoNam.kar;81;system;2017-09-12 08:13:51;;2016-09-04 02:56:46;false
110;ACT;;Arcu.set;107;system;2018-01-16 02:18:24;;2016-04-05 07:25:36;false
111;ACT;;DuisConsequat.mjf;185;system;2017-07-29 02:20:08;;2016-10-15 00:05:50;false
112;ACT;;OrciNullamMolestie.tcl;292;system;2017-09-26 21:55:26;;2016-04-14 02:58:24;false
113;ACT;;Ut.xlv;270;system;2017-07-10 16:59:42;;2016-06-27 02:01:37;false
114;ACT;;Purus.zip;30;system;2017-05-26 10:17:56;;2016-11-27 05:12:20;false
115;ACT;;IdLuctus.ra;57;system;2017-06-29 10:14:04;;2017-02-23 16:34:54;false
116;ACT;;MorbiOdioOdio.omcd;63;system;2018-01-21 15:07:14;;2016-12-06 11:19:22;false
117;ACT;;NullaUt.etx;284;system;2017-09-11 03:19:35;;2016-04-23 06:23:23;false
118;ACT;;Posuere.zip;158;system;2017-04-16 08:46:35;;2017-03-02 12:47:14;false
119;ACT;;FusceCongue.mme;297;system;2017-08-12 15:10:36;;2016-10-14 18:43:13;false
120;ACT;;VelitDonec.afl;155;system;2017-04-22 20:42:58;;2016-09-15 16:17:24;false
121;ACT;;SollicitudinMiSit.cat;165;system;2017-05-26 04:14:49;;2016-05-03 03:43:18;false
122;ACT;;AcLeo.asx;38;system;2018-01-13 14:55:19;;2016-04-28 15:31:26;false
123;ACT;;DapibusDolorVel.css;72;system;2017-08-30 01:22:34;;2016-12-11 19:14:55;false
124;ACT;;Placerat.jav;43;system;2017-09-23 17:34:18;;2016-10-11 05:29:03;false
125;ACT;;Fusce.bm;38;system;2017-12-05 22:20:19;;2016-12-06 21:50:38;false
126;ACT;;NislDuisBibendum.flo;98;system;2017-07-01 02:56:55;;2017-02-18 07:44:56;false
127;ACT;;UltricesLibero.mpp;91;system;2018-01-16 01:20:24;;2016-08-27 01:13:42;false
128;ACT;;Est.word;240;system;2018-02-16 15:13:05;;2016-04-11 13:01:25;false
129;ACT;;LuctusEtUltrices.class;181;system;2018-02-05 19:14:36;;2016-10-09 00:05:23;false
130;ACT;;PrimisIn.midi;262;system;2017-09-07 09:12:49;;2017-01-22 15:18:16;false
131;ACT;;BlanditMiIn.isu;29;system;2018-02-05 06:57:43;;2016-04-13 17:21:28;false
132;ACT;;PretiumIaculisDiam.qd3d;131;system;2017-07-08 15:42:18;;2016-12-09 06:55:56;false
133;ACT;;VestibulumQuamSapien.uue;256;system;2017-07-16 12:29:33;;2016-10-24 20:02:17;false
134;ACT;;LuctusCum.frl;43;system;2017-11-28 07:48:27;;2016-08-21 19:27:10;false
135;ACT;;NuncVestibulum.aab;110;system;2018-02-16 20:20:16;;2017-04-02 07:47:24;false
136;ACT;;Malesuada.uu;92;system;2017-10-21 20:37:54;;2016-11-04 02:45:51;false
137;ACT;;MaurisUllamcorperPurus.vql;61;system;2017-06-18 05:49:23;;2016-10-26 03:52:04;false
138;ACT;;JustoPellentesque.vql;51;system;2017-08-25 10:32:45;;2017-03-15 18:31:02;false
139;ACT;;AliquetAtFeugiat.nif;271;system;2017-05-26 09:58:25;;2017-04-02 11:16:59;false
140;ACT;;ConvallisEgetEleifend.xlc;263;system;2017-12-16 02:50:14;;2016-09-17 05:21:10;false
141;ACT;;AuctorGravida.cat;46;system;2018-01-13 18:39:21;;2017-03-06 01:42:10;false
142;ACT;;DuisAc.stp;130;system;2017-09-05 12:47:32;;2017-03-31 11:59:08;false
143;ACT;;BlanditLaciniaErat.skm;208;system;2017-05-27 01:12:24;;2016-09-10 09:23:28;false
144;ACT;;LectusInEst.sid;143;system;2017-05-25 20:01:26;;2016-07-31 03:46:09;false
145;ACT;;MorbiSem.ppt;52;system;2018-01-02 05:43:18;;2016-10-18 04:31:53;false
146;ACT;;VolutpatDui.pwz;202;system;2017-07-04 12:23:44;;2016-10-25 22:54:01;false
147;ACT;;AeneanFermentum.mif;151;system;2017-11-29 02:50:15;;2016-09-17 05:24:08;false
148;ACT;;EnimBlandit.gl;201;system;2017-07-22 07:06:28;;2016-05-01 09:49:28;false
149;ACT;;IdMauris.mpa;70;system;2017-11-29 06:13:28;;2017-03-01 21:21:30;false
150;ACT;;AuctorGravidaSem.hh;176;system;2017-05-20 08:02:00;;2016-08-04 14:34:43;false
151;ACT;;QuisTurpisSed.tif;267;system;2018-01-31 07:01:59;;2017-03-04 03:21:53;false
152;ACT;;JustoSitAmet.mp3;64;system;2017-11-05 10:12:06;;2017-01-24 00:36:32;false
153;ACT;;Lacinia.nc;275;system;2017-11-23 07:01:36;;2016-08-19 10:53:05;false
154;ACT;;IntegerPede.lma;6;system;2017-10-28 01:39:06;;2016-12-19 02:16:29;false
155;ACT;;Amet.h;298;system;2017-04-11 07:05:46;;2016-07-30 18:08:52;false
156;ACT;;CondimentumIdLuctus.zip;156;system;2017-09-08 15:57:29;;2017-01-01 19:59:18;false
157;ACT;;Non.crt;23;system;2017-11-30 08:40:09;;2017-03-11 05:42:10;false
158;ACT;;NecDui.pko;133;system;2017-05-18 02:17:38;;2016-11-27 07:28:40;false
159;ACT;;Primis.jpe;77;system;2017-05-14 22:26:07;;2016-08-07 01:22:43;false
160;ACT;;VelAugue.stp;9;system;2017-06-11 11:41:29;;2016-07-12 15:00:36;false
161;ACT;;GravidaSem.xlw;71;system;2018-03-23 14:53:16;;2016-11-27 19:24:12;false
162;ACT;;VelAugue.lsx;130;system;2018-03-06 13:03:22;;2016-08-09 21:28:06;false
163;ACT;;InHac.lzx;226;system;2017-05-28 00:50:25;;2016-04-27 16:10:18;false
164;ACT;;Diam.class;146;system;2017-09-07 19:31:02;;2016-10-31 02:01:42;false
165;ACT;;NullaEget.arj;3;system;2017-06-21 18:33:51;;2016-07-14 20:44:03;false
166;ACT;;Dui.pps;38;system;2017-11-13 09:37:18;;2016-07-26 05:24:26;false
167;ACT;;DonecQuis.wav;119;system;2017-07-08 04:19:37;;2016-10-25 22:02:22;false
168;ACT;;MassaQuis.3dmf;196;system;2017-11-21 11:24:40;;2017-01-21 10:24:42;false
169;ACT;;Leo.lhx;210;system;2017-11-02 00:07:14;;2017-02-22 04:12:50;false
170;ACT;;AmetEleifendPede.ustar;84;system;2017-09-25 14:26:05;;2017-02-07 09:47:31;false
171;ACT;;NullaTempusVivamus.f;269;system;2018-03-18 01:26:13;;2017-01-16 10:14:18;false
172;ACT;;NatoquePenatibus.pkg;190;system;2018-02-08 14:49:26;;2016-08-13 15:32:26;false
173;ACT;;Nulla.sit;222;system;2018-03-29 03:03:27;;2016-11-10 05:51:31;false
174;ACT;;BlanditNamNulla.com;180;system;2017-07-04 10:24:21;;2016-07-02 01:31:51;false
175;ACT;;UltricesPosuere.hqx;282;system;2017-11-05 08:34:46;;2016-09-21 11:34:43;false
176;ACT;;SitAmet.mzz;69;system;2018-01-03 04:09:14;;2016-10-24 15:51:12;false
177;ACT;;PellentesqueUltricesPhasellus.el;43;system;2017-07-11 18:39:35;;2016-07-30 17:44:09;false
178;ACT;;EuEstCongue.pfunk;45;system;2017-06-20 11:16:38;;2016-11-24 04:33:19;false
179;ACT;;MagnisDisParturient.ra;109;system;2018-01-14 04:32:36;;2016-09-19 23:55:05;false
180;ACT;;Cras.bsh;135;system;2017-06-25 18:39:30;;2016-10-08 18:26:10;false
181;ACT;;EgetNunc.mzz;220;system;2017-08-20 18:37:11;;2016-09-13 14:09:04;false
182;ACT;;EgetNuncDonec.rm;211;system;2017-10-23 08:37:43;;2016-10-01 02:44:54;false
183;ACT;;EgetVulputate.boz;67;system;2017-04-19 06:09:53;;2016-12-07 11:01:58;false
184;ACT;;CrasMiPede.nc;283;system;2017-07-17 07:56:39;;2016-12-13 11:26:30;false
185;ACT;;DiamNamTristique.rnx;259;system;2017-11-28 03:16:11;;2016-11-22 23:16:29;false
186;ACT;;Dictumst.dcr;284;system;2017-08-24 14:08:35;;2017-03-18 23:23:39;false
187;ACT;;At.nif;236;system;2017-05-30 04:17:22;;2016-05-11 09:18:01;false
188;ACT;;CongueEget.vrml;71;system;2017-04-06 10:46:24;;2016-05-02 15:52:51;false
189;ACT;;NislNunc.hqx;111;system;2017-07-30 20:49:28;;2017-03-28 22:12:18;false
190;ACT;;Luctus.hh;244;system;2017-06-19 00:46:13;;2016-09-11 01:39:43;false
191;ACT;;Cubilia.htx;233;system;2017-12-11 04:13:49;;2016-10-14 00:56:59;false
192;ACT;;Libero.mif;115;system;2017-05-05 19:44:40;;2016-12-15 23:29:16;false
193;ACT;;Porttitor.wsrc;94;system;2017-04-22 20:38:19;;2017-02-10 12:40:28;false
194;ACT;;InHac.mpg;294;system;2018-03-06 09:33:05;;2017-02-08 20:41:16;false
195;ACT;;AuctorSedTristique.xlt;299;system;2017-10-01 21:27:31;;2016-12-13 08:35:37;false
196;ACT;;ElitProinRisus.tcsh;158;system;2017-06-07 10:00:32;;2016-07-08 02:40:58;false
197;ACT;;Nisi.xdr;13;system;2017-05-26 23:13:38;;2016-11-15 06:46:03;false
198;ACT;;PellentesqueViverra.bin;241;system;2017-10-02 11:49:25;;2017-02-24 15:10:38;false
199;ACT;;PrimisInFaucibus.ivy;90;system;2017-05-20 19:42:31;;2016-12-21 16:07:17;false
200;ACT;;Eget.stp;278;system;2018-01-30 09:39:16;;2016-12-05 11:24:44;false
201;ACT;;IdMauris.asx;282;system;2017-11-19 06:04:07;;2017-02-06 08:51:14;false
202;ACT;;InFaucibusOrci.asp;45;system;2018-01-25 18:21:43;;2016-10-09 21:29:16;false
203;ACT;;AmetErat.c;291;system;2017-12-12 17:09:20;;2016-06-17 00:51:27;false
204;ACT;;UltricesEnimLorem.mp2;88;system;2018-02-11 16:34:43;;2016-07-19 22:33:42;false
205;ACT;;SapienDignissim.zoo;27;system;2017-04-17 20:07:47;;2016-06-12 09:28:09;false
206;ACT;;DonecPosuereMetus.wb1;186;system;2017-04-14 00:59:01;;2016-08-13 00:34:18;false
207;ACT;;Nec.zip;147;system;2018-02-09 13:16:26;;2016-12-23 19:33:53;false
208;ACT;;In.m;206;system;2017-06-06 04:38:45;;2016-07-12 20:54:28;false
209;ACT;;FaucibusOrciLuctus.t;257;system;2017-09-30 01:45:38;;2016-04-13 23:11:43;false
210;ACT;;Quisque.zip;75;system;2017-04-22 04:26:40;;2017-01-23 10:38:12;false
211;ACT;;ProinLeo.pre;114;system;2017-07-21 19:40:27;;2016-05-17 06:14:05;false
212;ACT;;PellentesqueQuisquePorta.lhx;120;system;2017-06-10 14:08:47;;2016-09-18 00:58:41;false
213;ACT;;Pellentesque.f90;281;system;2017-12-15 23:04:35;;2016-09-25 08:32:16;false
214;ACT;;SedAugueAliquam.pm4;62;system;2017-05-24 17:03:57;;2016-09-16 20:54:12;false
215;ACT;;SitAmetJusto.aam;103;system;2017-08-17 06:19:27;;2016-07-14 12:10:12;false
216;ACT;;Nunc.hh;160;system;2018-03-17 15:08:05;;2016-04-05 22:59:15;false
217;ACT;;In.mp2;196;system;2018-01-27 23:26:57;;2016-11-28 20:25:42;false
218;ACT;;SapienVarius.eps;34;system;2018-03-03 17:26:45;;2016-05-01 01:16:19;false
219;ACT;;UltricesVel.com;6;system;2018-03-30 17:07:23;;2016-08-23 21:35:13;false
220;ACT;;SapienCursus.wrz;92;system;2017-05-23 23:02:48;;2017-01-16 03:46:01;false
221;ACT;;LacusCurabiturAt.vivo;145;system;2017-12-10 02:48:00;;2016-07-25 02:42:25;false
222;ACT;;NonLigulaPellentesque.tsp;3;system;2017-07-02 21:48:34;;2016-12-03 07:54:05;false
223;ACT;;Volutpat.funk;22;system;2017-09-18 15:46:24;;2016-09-12 08:36:02;false
224;ACT;;PotentiCras.z;186;system;2017-05-26 02:09:14;;2017-02-11 01:19:55;false
225;ACT;;AugueVestibulumRutrum.stl;186;system;2017-04-30 06:11:46;;2016-04-08 15:44:16;false
226;ACT;;VestibulumVelitId.asx;131;system;2017-11-27 00:03:44;;2017-04-01 13:28:22;false
227;ACT;;MaecenasTristiqueEst.smil;270;system;2018-02-10 06:24:13;;2016-12-09 08:37:17;false
228;ACT;;Lorem.rmp;197;system;2017-12-15 18:05:12;;2016-12-13 02:40:05;false
229;ACT;;Lectus.xyz;147;system;2017-11-22 12:53:31;;2016-06-12 11:22:35;false
230;ACT;;AcEnimIn.lha;128;system;2018-04-01 17:39:57;;2017-01-29 13:05:01;false
231;ACT;;VestibulumVelitId.xlv;112;system;2017-04-15 13:58:25;;2016-04-18 13:07:01;false
232;ACT;;NullaJusto.for;96;system;2017-12-12 14:52:11;;2017-02-10 01:46:52;false
233;ACT;;Primis.gzip;177;system;2018-01-03 20:12:00;;2016-11-23 20:35:57;false
234;ACT;;ConsequatLectus.uu;290;system;2018-02-08 04:35:49;;2017-01-20 05:38:23;false
235;ACT;;In.htmls;154;system;2017-09-04 11:21:26;;2016-08-07 17:36:48;false
236;ACT;;AmetEros.map;154;system;2018-01-22 15:11:06;;2016-04-22 08:30:23;false
237;ACT;;AeneanAuctorGravida.mhtml;202;system;2017-10-21 16:46:38;;2016-07-22 11:24:19;false
238;ACT;;UltricesAliquet.dl;106;system;2017-04-10 23:18:33;;2016-09-24 13:42:07;false
239;ACT;;VulputateNonummyMaecenas.vst;183;system;2017-08-20 06:45:36;;2017-03-03 06:05:23;false
240;ACT;;InLacusCurabitur.gl;22;system;2017-11-20 02:11:33;;2016-12-18 17:58:12;false
241;ACT;;IdJustoSit.tex;167;system;2017-08-14 20:37:31;;2016-08-17 16:44:14;false
242;ACT;;Quisque.au;14;system;2017-11-25 11:14:19;;2017-02-01 05:34:31;false
243;ACT;;AcConsequat.c;37;system;2017-04-26 08:21:13;;2016-11-03 04:23:44;false
244;ACT;;ElitProin.crt;185;system;2017-10-09 11:48:59;;2016-10-24 09:36:39;false
245;ACT;;SociisNatoquePenatibus.rpm;130;system;2018-01-14 23:08:12;;2017-01-30 08:18:39;false
246;ACT;;MorbiVestibulumVelit.tbk;151;system;2017-11-03 21:57:26;;2016-06-23 02:16:07;false
247;ACT;;LectusAliquam.p7s;69;system;2017-09-19 09:03:08;;2016-06-11 13:54:56;false
248;ACT;;Donec.boo;116;system;2017-08-07 02:09:32;;2016-07-03 19:24:39;false
249;ACT;;EgetErosElementum.mcd;107;system;2017-07-07 07:53:39;;2017-03-12 18:23:12;false
250;ACT;;ConvallisDuis.lzx;97;system;2018-03-18 15:16:07;;2016-09-09 00:07:27;false
251;ACT;;Ac.crt;263;system;2018-02-03 19:06:46;;2016-11-17 15:48:34;false
252;ACT;;LaoreetUtRhoncus.drw;273;system;2017-07-10 23:33:33;;2016-07-05 01:26:30;false
253;ACT;;ConvallisDuis.ccad;230;system;2018-04-02 08:08:04;;2016-07-16 00:40:19;false
254;ACT;;Consequat.rast;68;system;2018-03-12 13:15:03;;2016-10-07 17:40:37;false
255;ACT;;ElitProinRisus.niff;51;system;2017-10-30 04:27:43;;2016-08-13 23:23:09;false
256;ACT;;EtUltrices.g3;132;system;2018-01-08 10:59:12;;2016-09-28 04:33:20;false
257;ACT;;TinciduntEu.vql;11;system;2018-03-11 19:01:13;;2016-09-13 06:58:06;false
258;ACT;;EgetCongue.vox;167;system;2017-06-10 03:17:59;;2016-09-01 15:16:43;false
259;ACT;;HacHabitassePlatea.dxf;289;system;2017-07-04 17:09:19;;2017-01-03 18:33:33;false
260;ACT;;ConsequatInConsequat.bmp;200;system;2018-04-01 03:29:13;;2016-12-22 19:33:37;false
261;ACT;;TristiqueEst.xll;172;system;2017-05-31 05:50:15;;2016-05-31 08:13:25;false
262;ACT;;NamUltricesLibero.mpx;54;system;2017-07-13 22:58:24;;2016-08-07 11:55:53;false
263;ACT;;TortorEuPede.fpx;222;system;2017-09-15 18:58:13;;2016-12-06 01:16:27;false
264;ACT;;HabitassePlateaDictumst.for;126;system;2017-06-18 16:19:14;;2016-10-02 11:46:10;false
265;ACT;;NuncCommodo.vsw;243;system;2017-08-01 04:51:52;;2017-01-01 17:07:15;false
266;ACT;;AmetTurpisElementum.mid;253;system;2017-12-25 18:00:26;;2016-08-12 05:51:02;false
267;ACT;;VestibulumSed.mpe;81;system;2017-09-10 22:14:40;;2017-03-11 11:14:39;false
268;ACT;;MagnaVulputate.mpv;217;system;2017-10-03 00:32:29;;2016-11-01 09:05:28;false
269;ACT;;Odio.rgb;24;system;2018-02-19 20:08:44;;2016-12-13 18:09:08;false
270;ACT;;DuiMaecenasTristique.pcl;154;system;2018-01-08 12:46:27;;2016-09-09 10:30:36;false
271;ACT;;Eu.cdf;119;system;2017-10-11 18:03:56;;2016-06-06 13:12:58;false
272;ACT;;CongueEgetSemper.bsh;221;system;2017-05-03 01:59:35;;2017-02-20 18:55:18;false
273;ACT;;Nullam.viv;264;system;2018-01-29 14:03:43;;2016-08-09 18:25:28;false
274;ACT;;InBlandit.qtif;35;system;2018-04-02 12:50:09;;2016-07-16 10:13:54;false
275;ACT;;Lacus.jav;196;system;2018-02-28 11:46:25;;2016-06-20 12:57:44;false
276;ACT;;QuisquePorta.uu;232;system;2017-06-24 11:42:53;;2016-06-10 13:04:52;false
277;ACT;;VelitNecNisi.3dm;125;system;2017-10-28 04:45:21;;2016-10-09 14:32:10;false
278;ACT;;Lorem.xlv;242;system;2018-02-17 10:54:42;;2017-03-20 18:51:49;false
279;ACT;;UltricesEnimLorem.fif;270;system;2017-07-17 01:49:21;;2016-10-23 23:10:00;false
280;ACT;;AccumsanFelis.ip;279;system;2017-06-20 14:28:47;;2017-02-12 10:00:58;false
281;ACT;;VelAugue.zip;109;system;2017-07-09 11:19:33;;2016-09-20 09:47:55;false
282;ACT;;OdioInHac.css;271;system;2017-11-05 03:48:28;;2016-09-06 16:35:24;false
283;ACT;;LoremIpsum.mme;298;system;2017-09-20 02:07:57;;2016-07-23 02:15:51;false
284;ACT;;PedeJusto.cpio;218;system;2017-05-04 08:00:43;;2016-12-02 14:59:04;false
285;ACT;;In.pko;237;system;2017-11-14 20:58:11;;2016-11-01 07:56:53;false
286;ACT;;SapienDignissimVestibulum.nap;182;system;2017-06-26 00:51:15;;2016-08-12 12:48:06;false
287;ACT;;UltricesPhasellus.xpix;290;system;2018-03-12 17:35:06;;2016-09-27 00:07:49;false
288;ACT;;MaecenasLeo.vcs;65;system;2017-09-10 17:03:57;;2016-10-05 23:02:15;false
289;ACT;;Mi.env;116;system;2017-05-02 01:43:51;;2016-11-12 09:25:11;false
290;ACT;;Molestie.gl;45;system;2017-04-03 00:09:35;;2017-03-31 09:46:11;false
291;ACT;;UtDolor.ppt;90;system;2017-07-28 23:53:53;;2016-12-15 13:07:43;false
292;ACT;;Orci.xlv;250;system;2018-01-26 20:44:47;;2017-03-03 17:51:10;false
293;ACT;;InEleifendQuam.jps;293;system;2017-12-29 01:11:07;;2016-11-14 11:16:55;false
294;ACT;;MaecenasUt.nix;169;system;2017-10-30 11:26:48;;2016-07-13 23:33:14;false
295;ACT;;NullaSuscipit.x-png;71;system;2017-07-14 11:24:17;;2016-05-19 22:28:32;false
296;ACT;;ArcuLiberoRutrum.xll;258;system;2017-08-01 21:46:27;;2016-05-07 23:49:17;false
297;ACT;;Natoque.hlp;157;system;2017-12-15 16:47:06;;2017-01-11 07:58:56;false
298;ACT;;Quis.svf;300;system;2017-07-20 21:43:34;;2016-09-30 13:06:36;false
299;ACT;;Pretium.g;105;system;2017-10-13 19:17:24;;2016-12-20 15:39:43;false
300;ACT;;Faucibus.qd3d;39;system;2017-04-04 11:37:20;;2016-12-03 12:01:09;false
301;ACT;;LobortisSapien.fli;111;system;2018-01-19 21:37:35;;2016-08-06 13:51:47;false
302;ACT;;VehiculaConsequatMorbi.mcf;85;system;2018-02-01 10:03:12;;2016-11-15 01:28:07;false
303;ACT;;VestibulumAnte.avi;187;system;2017-09-08 19:30:22;;2016-05-14 05:52:17;false
304;ACT;;MaecenasUt.smi;5;system;2018-01-01 15:59:31;;2017-02-07 18:16:10;false
305;ACT;;Cubilia.xlc;251;system;2017-10-05 10:41:25;;2016-10-14 12:34:27;false
306;ACT;;AnteNullaJusto.xld;45;system;2017-11-04 11:04:54;;2016-10-17 03:55:13;false
307;ACT;;EstLacinia.vivo;38;system;2017-04-10 10:59:51;;2016-12-07 01:56:22;false
308;ACT;;Sed.vsw;197;system;2017-08-04 06:01:56;;2016-10-23 17:58:49;false
309;ACT;;Dictumst.mov;256;system;2017-10-10 12:05:44;;2016-10-05 08:01:10;false
310;ACT;;Curae.xgz;268;system;2017-05-09 21:16:28;;2016-10-04 23:36:50;false
311;ACT;;CongueElementum.funk;114;system;2017-05-04 09:15:04;;2016-09-08 20:10:54;false
312;ACT;;MontesNasceturRidiculus.vivo;216;system;2018-01-26 05:03:26;;2016-12-09 17:13:06;false
313;ACT;;SitAmet.rm;147;system;2017-10-24 05:31:49;;2016-11-02 03:10:12;false
314;ACT;;NuncCommodo.dv;236;system;2017-07-19 12:38:00;;2017-01-04 00:11:34;false
315;ACT;;JustoNecCondimentum.xgz;153;system;2017-05-31 04:15:51;;2017-01-31 21:27:38;false
316;ACT;;Sed.hlp;43;system;2018-02-28 20:03:23;;2016-06-03 18:24:10;false
317;ACT;;MagnaVulputate.p7a;51;system;2017-05-27 22:33:06;;2016-10-07 13:02:55;false
318;ACT;;TurpisElementumLigula.vqe;56;system;2017-06-19 14:57:33;;2016-12-10 09:24:29;false
319;ACT;;MetusAenean.aiff;134;system;2017-05-23 15:03:02;;2016-04-13 00:15:13;false
320;ACT;;VulputateJusto.pvu;47;system;2018-01-09 14:41:03;;2016-11-10 07:13:15;false
321;ACT;;Maecenas.mpe;283;system;2017-08-03 08:04:15;;2017-02-22 04:23:59;false
322;ACT;;SemperPortaVolutpat.g3;221;system;2017-09-19 07:26:58;;2016-11-04 04:38:50;false
323;ACT;;CrasInPurus.vst;70;system;2017-09-23 13:57:08;;2016-11-12 08:30:15;false
324;ACT;;IntegerAc.p12;257;system;2017-04-18 22:43:08;;2017-04-02 20:34:24;false
325;ACT;;NequeLibero.vivo;227;system;2017-11-06 15:58:28;;2016-10-26 05:43:05;false
326;ACT;;DictumstMorbi.dxf;177;system;2017-12-25 19:57:21;;2016-06-29 19:54:49;false
327;ACT;;Nec.avi;112;system;2017-11-30 02:34:24;;2016-04-29 17:31:22;false
328;ACT;;TemporConvallis.xlw;129;system;2017-06-10 22:33:10;;2016-08-30 06:56:07;false
329;ACT;;Sodales.step;194;system;2017-12-03 12:13:24;;2016-04-05 11:33:43;false
330;ACT;;Massa.xpm;15;system;2017-04-09 02:16:14;;2016-07-21 00:34:45;false
331;ACT;;PedeJustoLacinia.asm;292;system;2017-08-19 16:51:01;;2017-01-05 18:53:54;false
332;ACT;;NecDui.uni;28;system;2017-06-23 20:06:38;;2016-11-18 00:43:19;false
333;ACT;;VelitDonecDiam.mpa;2;system;2017-04-19 20:22:12;;2016-07-08 13:34:04;false
334;ACT;;Quam.hpgl;77;system;2018-01-19 02:48:30;;2017-01-08 18:29:11;false
335;ACT;;Porta.p7r;84;system;2017-12-01 13:28:53;;2016-04-15 21:23:28;false
336;ACT;;EtUltrices.my;226;system;2018-02-28 21:09:00;;2017-03-30 21:52:50;false
337;ACT;;ConvallisTortorRisus.mov;196;system;2017-12-27 00:50:57;;2017-03-19 18:08:44;false
338;ACT;;Ac.hgl;7;system;2017-09-03 16:01:03;;2016-06-30 22:06:35;false
339;ACT;;NullaTempusVivamus.book;238;system;2017-09-06 01:32:04;;2016-05-11 22:03:55;false
340;ACT;;InterdumMaurisNon.la;288;system;2017-12-08 21:17:59;;2016-08-14 03:24:11;false
341;ACT;;Eget.mp3;214;system;2018-01-11 18:06:12;;2016-06-06 11:51:21;false
342;ACT;;MaurisEnimLeo.crl;68;system;2017-09-17 16:58:19;;2016-12-02 00:20:29;false
343;ACT;;Tristique.xsr;84;system;2017-10-18 04:03:07;;2017-01-09 22:12:29;false
344;ACT;;Nulla.fif;130;system;2017-09-13 07:40:13;;2016-09-02 06:26:33;false
345;ACT;;NatoquePenatibus.ppt;178;system;2018-01-01 20:14:40;;2016-04-25 14:06:56;false
346;ACT;;CubiliaCurae.ram;276;system;2017-07-06 06:52:21;;2016-11-08 00:21:43;false
347;ACT;;JustoIn.snd;130;system;2018-03-19 01:29:12;;2017-01-18 20:14:36;false
348;ACT;;Nunc.mbd;122;system;2017-07-31 15:14:22;;2016-05-15 14:53:27;false
349;ACT;;NullaNisl.wav;93;system;2017-10-02 19:50:54;;2016-04-23 22:57:05;false
350;ACT;;NisiNamUltrices.m3u;238;system;2017-04-06 11:19:02;;2017-03-28 14:59:16;false
351;ACT;;UltricesAliquet.p7r;231;system;2018-01-18 00:48:48;;2016-12-10 06:29:15;false
352;ACT;;NonLigula.ivr;153;system;2018-01-06 20:10:08;;2016-11-08 16:23:51;false
353;ACT;;MassaDonecDapibus.lsp;219;system;2017-10-26 03:38:48;;2017-01-12 01:33:01;false
354;ACT;;VariusInteger.au;65;system;2017-11-12 08:50:01;;2016-06-15 08:49:35;false
355;ACT;;Platea.js;125;system;2018-03-15 10:21:04;;2016-04-14 07:06:24;false
356;ACT;;Nulla.sdp;11;system;2017-07-16 22:37:21;;2017-03-06 04:28:52;false
357;ACT;;InTempus.pov;138;system;2017-10-19 16:54:47;;2016-06-14 09:16:53;false
358;ACT;;InConsequat.js;110;system;2017-07-19 18:33:55;;2016-04-29 09:06:56;false
359;ACT;;DuiMaecenas.qtc;143;system;2017-06-27 03:34:33;;2017-01-08 18:33:57;false
360;ACT;;Gravida.java;96;system;2017-12-09 00:10:25;;2017-01-10 14:27:21;false
361;ACT;;Ut.ustar;259;system;2017-04-14 22:30:08;;2016-04-18 06:39:57;false
362;ACT;;LectusPellentesque.skd;4;system;2017-04-10 17:00:46;;2017-02-17 18:40:01;false
363;ACT;;InterdumInAnte.fif;293;system;2017-06-16 08:15:49;;2016-11-17 20:00:46;false
364;ACT;;Nisl.wp5;219;system;2017-05-26 19:45:31;;2016-10-03 22:28:31;false
365;ACT;;Consectetuer.jfif-tbnl;12;system;2017-08-20 11:38:40;;2016-07-25 21:14:30;false
366;ACT;;EgetTempus.xlm;251;system;2017-08-28 13:53:55;;2016-06-13 15:58:52;false
367;ACT;;NequeSapien.jps;242;system;2017-07-28 21:39:34;;2016-11-20 10:47:36;false
368;ACT;;ArcuAdipiscing.wri;291;system;2017-08-20 05:21:33;;2016-08-19 19:39:41;false
369;ACT;;VenenatisNonSodales.lam;56;system;2017-07-29 15:23:12;;2016-08-30 16:55:56;false
370;ACT;;Phasellus.z;239;system;2017-06-17 11:37:24;;2016-11-25 01:17:35;false
371;ACT;;ElementumNullamVarius.png;134;system;2017-04-18 08:23:28;;2017-03-05 14:36:58;false
372;ACT;;VolutpatSapienArcu.ltx;56;system;2017-06-28 17:22:59;;2017-02-25 07:34:46;false
373;ACT;;EtTempusSemper.crl;120;system;2017-11-04 07:25:08;;2017-01-22 13:50:08;false
374;ACT;;UtVolutpat.web;270;system;2018-02-13 11:04:37;;2016-12-08 10:11:23;false
375;ACT;;SedTinciduntEu.cdf;72;system;2017-09-18 00:30:42;;2017-02-25 01:20:16;false
376;ACT;;CrasMi.smil;170;system;2017-06-06 09:51:31;;2017-03-04 09:41:35;false
377;ACT;;FermentumJustoNec.xll;291;system;2017-10-27 05:00:49;;2016-11-28 14:39:53;false
378;ACT;;Nam.xmz;67;system;2017-04-20 15:45:13;;2017-02-04 00:48:19;false
379;ACT;;FermentumJustoNec.wp6;170;system;2017-05-27 10:43:15;;2016-09-15 16:59:44;false
380;ACT;;Vitae.web;210;system;2017-11-15 06:53:38;;2016-11-25 10:26:44;false
381;ACT;;MaurisViverraDiam.rmp;78;system;2017-07-26 09:13:04;;2016-12-17 14:56:10;false
382;ACT;;FringillaRhoncus.hpg;18;system;2017-04-30 18:50:57;;2017-02-18 09:43:09;false
383;ACT;;Imperdiet.shar;123;system;2017-06-28 18:06:41;;2016-11-06 02:39:20;false
384;ACT;;Massa.boz;61;system;2017-07-17 13:58:30;;2016-07-12 17:58:31;false
385;ACT;;AliquamConvallis.vrml;41;system;2017-07-10 02:13:47;;2016-10-17 08:31:18;false
386;ACT;;NullaPedeUllamcorper.ncm;241;system;2018-02-08 16:50:40;;2016-12-19 22:14:39;false
387;ACT;;VestibulumAnte.wq1;239;system;2017-04-03 22:09:24;;2016-09-22 10:26:40;false
388;ACT;;FusceLacusPurus.ncm;13;system;2018-01-01 22:05:59;;2017-02-15 01:34:59;false
389;ACT;;Sociis.gtar;109;system;2018-01-12 18:01:08;;2016-10-31 18:27:40;false
390;ACT;;VenenatisTurpisEnim.ncm;37;system;2017-08-09 13:43:32;;2016-08-27 04:42:09;false
391;ACT;;Augue.sv4crc;258;system;2017-04-05 02:00:09;;2016-04-28 08:54:43;false
392;ACT;;NullaSuscipitLigula.qcp;227;system;2017-08-16 08:23:25;;2016-06-30 06:08:28;false
393;ACT;;Nibh.mif;211;system;2017-12-02 10:19:14;;2016-10-28 01:22:49;false
394;ACT;;QuisqueErat.f90;152;system;2017-08-28 07:31:14;;2017-03-06 20:00:56;false
395;ACT;;AliquetAt.vqf;257;system;2017-11-03 21:05:10;;2016-07-18 06:41:15;false
396;ACT;;UllamcorperPurus.jpe;105;system;2017-04-04 08:25:35;;2017-01-09 16:20:42;false
397;ACT;;NonMiInteger.pdf;297;system;2017-09-23 17:52:12;;2016-12-20 00:13:30;false
398;ACT;;PretiumIaculisJusto.mjpg;245;system;2018-01-17 04:12:48;;2017-03-17 08:07:39;false
399;ACT;;Pellentesque.rtf;155;system;2017-04-30 20:42:34;;2017-03-18 03:16:18;false
400;ACT;;IdLigulaSuspendisse.mpv;13;system;2017-12-05 15:21:20;;2016-06-01 06:11:45;false
401;ACT;;Quam.mpt;47;system;2017-05-17 20:06:27;;2016-09-23 07:14:32;false
402;ACT;;Arcu.sea;200;system;2017-04-29 21:16:03;;2016-11-15 19:26:37;false
403;ACT;;Ut.lsp;249;system;2017-04-19 07:24:56;;2016-09-04 20:30:00;false
404;ACT;;AnteVel.dp;224;system;2017-09-23 08:15:48;;2016-11-28 02:18:11;false
405;ACT;;Mattis.jam;115;system;2017-09-16 07:01:41;;2016-09-14 08:29:22;false
406;ACT;;MassaId.mid;68;system;2017-11-07 14:18:33;;2016-05-01 08:04:03;false
407;ACT;;PrimisInFaucibus.html;118;system;2017-08-05 13:18:59;;2016-09-29 22:48:47;false
408;ACT;;SitAmet.lma;248;system;2017-06-22 13:21:36;;2016-11-21 11:08:25;false
409;ACT;;DolorVel.crt;7;system;2017-09-27 16:31:13;;2016-08-07 07:36:34;false
410;ACT;;Nisl.hpg;89;system;2017-08-13 06:51:29;;2016-09-12 14:57:41;false
411;ACT;;Hac.env;2;system;2018-02-07 10:32:44;;2016-12-11 09:55:12;false
412;ACT;;NamCongueRisus.gsd;116;system;2017-07-07 09:10:31;;2016-09-18 21:41:20;false
413;ACT;;LobortisEst.kar;213;system;2017-12-28 05:06:09;;2016-08-15 09:35:33;false
414;ACT;;Nunc.man;203;system;2017-09-18 07:57:23;;2017-03-15 16:51:39;false
415;ACT;;In.hlb;45;system;2017-04-15 22:47:37;;2017-03-21 14:19:10;false
416;ACT;;UltricesPhasellus.asm;194;system;2018-03-25 00:23:34;;2016-04-29 17:13:05;false
417;ACT;;PraesentBlanditNam.crl;54;system;2017-06-24 13:33:58;;2016-08-13 03:16:20;false
418;ACT;;QuisTortorId.vrml;68;system;2017-07-17 15:53:13;;2016-05-17 18:45:02;false
419;ACT;;AliquamNonMauris.bin;262;system;2018-01-26 00:39:12;;2017-01-30 04:44:12;false
420;ACT;;Pretium.hdf;99;system;2018-02-24 02:34:14;;2017-01-01 20:30:16;false
421;ACT;;Sed.deepv;175;system;2017-04-04 22:38:56;;2016-06-04 00:21:02;false
422;ACT;;Maecenas.roff;235;system;2018-03-31 12:02:27;;2016-09-12 19:35:09;false
423;ACT;;Augue.bin;167;system;2017-08-11 20:14:29;;2016-07-01 20:34:20;false
424;ACT;;VitaeIpsum.bin;21;system;2017-06-10 14:02:17;;2016-05-24 14:20:29;false
425;ACT;;Erat.wri;220;system;2017-07-17 01:35:34;;2017-03-30 11:36:43;false
426;ACT;;FelisFusce.bz;111;system;2018-04-01 11:07:24;;2016-10-02 07:29:52;false
427;ACT;;RisusAuctorSed.scm;192;system;2017-10-08 12:04:06;;2017-01-05 01:35:30;false
428;ACT;;UltricesLiberoNon.sdml;184;system;2017-11-15 11:36:01;;2017-03-03 16:08:17;false
429;ACT;;VestibulumAnte.bmp;84;system;2017-09-25 18:17:31;;2016-05-03 08:31:56;false
430;ACT;;TempusSemper.mpp;93;system;2017-11-15 16:35:12;;2017-03-12 03:59:13;false
431;ACT;;Platea.aif;79;system;2017-11-11 06:56:10;;2016-09-24 08:34:01;false
432;ACT;;ConvallisEgetEleifend.ssi;72;system;2018-03-31 09:39:41;;2016-09-08 02:18:04;false
433;ACT;;MolestieLoremQuisque.dir;236;system;2018-02-16 01:10:33;;2016-10-11 01:17:55;false
434;ACT;;UtAt.niff;192;system;2017-07-10 17:03:08;;2016-08-18 16:46:03;false
435;ACT;;IntegerAc.mpe;66;system;2018-01-31 02:27:01;;2017-03-29 15:57:11;false
436;ACT;;Sem.mov;67;system;2017-04-30 04:09:42;;2017-03-01 04:16:12;false
437;ACT;;ElitSodalesScelerisque.jam;118;system;2018-03-31 22:56:47;;2016-09-27 07:16:41;false
438;ACT;;Orci.word;119;system;2018-01-31 13:03:26;;2016-06-26 03:36:14;false
439;ACT;;At.shar;158;system;2017-04-17 19:12:12;;2016-04-29 11:57:34;false
440;ACT;;AmetJustoMorbi.dwf;79;system;2017-09-06 03:19:16;;2016-09-18 22:01:11;false
441;ACT;;MolestieSedJusto.c;82;system;2018-03-06 13:38:09;;2017-02-22 16:45:07;false
442;ACT;;ElitProin.drw;204;system;2018-01-08 00:36:30;;2016-10-13 06:11:15;false
443;ACT;;InterdumMaurisNon.lzh;23;system;2018-03-30 12:42:22;;2017-03-24 13:07:11;false
444;ACT;;ViverraEget.rtx;58;system;2018-01-15 01:28:57;;2017-01-14 02:38:20;false
445;ACT;;RhoncusSedVestibulum.ms;227;system;2017-12-18 00:16:14;;2016-09-03 18:40:32;false
446;ACT;;DonecQuis.scm;258;system;2017-10-31 14:22:35;;2016-04-21 00:20:02;false
447;ACT;;SapienInSapien.tcl;18;system;2017-10-28 04:12:38;;2016-05-03 11:00:44;false
448;ACT;;UtMassa.hlp;85;system;2018-02-09 14:23:15;;2017-02-07 05:14:07;false
449;ACT;;Odio.ppt;134;system;2017-04-12 06:53:39;;2017-01-17 21:19:52;false
450;ACT;;SitAmet.w60;31;system;2018-02-09 04:36:33;;2016-07-21 17:58:29;false
451;ACT;;At.drw;112;system;2018-01-20 04:41:34;;2016-06-03 21:37:14;false
452;ACT;;NibhLigulaNec.crl;74;system;2017-10-12 16:03:52;;2017-02-24 22:48:07;false
453;ACT;;BlanditNamNulla.qti;155;system;2017-11-20 04:37:39;;2016-05-22 16:32:04;false
454;ACT;;UrnaUt.midi;258;system;2018-03-17 23:58:28;;2016-06-10 19:47:57;false
455;ACT;;LiberoNon.pyc;110;system;2017-05-31 01:45:55;;2016-06-06 17:29:25;false
456;ACT;;EuMassa.rpm;187;system;2018-03-10 07:30:44;;2016-12-26 00:43:12;false
457;ACT;;VulputateLuctusCum.la;206;system;2018-02-24 11:13:39;;2016-06-18 09:57:08;false
458;ACT;;ParturientMontesNascetur.frl;266;system;2018-02-23 01:44:47;;2016-09-27 15:14:47;false
459;ACT;;APede.csh;132;system;2017-12-23 20:46:55;;2016-06-03 22:44:33;false
460;ACT;;Sed.zip;36;system;2018-01-16 15:25:09;;2016-05-28 16:08:08;false
461;ACT;;QuisAugueLuctus.jpeg;49;system;2017-10-06 00:18:02;;2016-05-23 14:15:10;false
462;ACT;;NullaAcEnim.f90;249;system;2017-04-30 17:21:57;;2016-04-25 14:02:36;false
463;ACT;;OrciLuctus.vrml;168;system;2017-11-30 05:32:50;;2016-04-30 16:44:57;false
464;ACT;;SedTinciduntEu.f90;132;system;2018-01-29 22:32:30;;2016-06-23 05:11:01;false
465;ACT;;Viverra.dwg;249;system;2018-03-12 08:14:52;;2016-10-13 01:58:33;false
466;ACT;;EuFelisFusce.sh;170;system;2017-04-17 10:23:46;;2016-08-21 12:45:49;false
467;ACT;;EgetSemper.list;215;system;2018-01-19 18:39:34;;2017-03-21 11:18:03;false
468;ACT;;CubiliaCuraeNulla.mjpg;147;system;2017-12-19 15:26:42;;2017-03-03 20:10:03;false
469;ACT;;NullaElit.skp;53;system;2017-12-04 22:32:12;;2016-05-24 09:49:26;false
470;ACT;;Donec.pic;293;system;2017-05-12 17:05:10;;2016-07-19 17:24:30;false
471;ACT;;BibendumImperdietNullam.lzx;44;system;2017-04-12 06:40:01;;2017-02-15 13:30:33;false
472;ACT;;ElitProin.hdf;237;system;2017-12-21 15:55:03;;2016-06-27 00:48:59;false
473;ACT;;VariusUtBlandit.au;146;system;2017-05-06 16:44:21;;2017-01-21 00:07:07;false
474;ACT;;Sed.imap;200;system;2017-08-13 09:23:21;;2016-09-23 06:34:21;false
475;ACT;;QuisqueArcuLibero.mp3;75;system;2017-08-31 03:48:28;;2016-11-04 01:09:37;false
476;ACT;;BibendumMorbi.env;150;system;2017-04-25 06:00:37;;2016-04-30 12:03:52;false
477;ACT;;UltricesPosuereCubilia.aam;178;system;2017-08-12 20:17:04;;2017-01-29 23:38:25;false
478;ACT;;Consequat.dcr;81;system;2018-02-02 11:32:05;;2016-04-16 19:06:53;false
479;ACT;;QuisTortorId.saveme;24;system;2018-03-02 04:32:11;;2017-02-27 18:32:47;false
480;ACT;;LectusInQuam.lha;280;system;2018-03-17 01:05:44;;2016-08-10 00:30:44;false
481;ACT;;At.mid;291;system;2018-03-16 05:28:12;;2016-12-19 04:20:13;false
482;ACT;;InLacusCurabitur.crt;83;system;2017-04-22 19:14:51;;2016-05-13 11:29:36;false
483;ACT;;ConsequatDui.rf;36;system;2017-09-07 19:23:08;;2016-05-09 19:48:50;false
484;ACT;;UtMassaQuis.gz;260;system;2018-01-30 05:55:17;;2016-12-08 05:35:23;false
485;ACT;;DonecQuis.aps;192;system;2017-05-23 20:12:57;;2016-09-16 04:14:48;false
486;ACT;;Justo.wrz;137;system;2017-05-02 11:54:19;;2017-01-24 13:50:32;false
487;ACT;;Nulla.ani;111;system;2018-01-18 13:15:43;;2016-11-15 10:13:06;false
488;ACT;;PellentesqueAt.wmlc;217;system;2017-09-13 20:10:15;;2016-05-27 14:59:11;false
489;ACT;;VestibulumSagittisSapien.mv;137;system;2017-11-24 16:09:54;;2016-07-21 18:32:33;false
490;ACT;;Nullam.spl;205;system;2017-10-30 00:38:21;;2016-08-19 14:24:28;false
491;ACT;;Eleifend.png;208;system;2018-03-08 10:39:13;;2016-08-29 22:43:52;false
492;ACT;;SapienCursus.etx;177;system;2017-04-16 08:33:00;;2016-06-27 06:01:15;false
493;ACT;;AcTellusSemper.saveme;4;system;2017-10-05 13:26:59;;2016-08-11 03:26:35;false
494;ACT;;EratEros.3dmf;28;system;2017-05-17 16:19:54;;2016-10-04 17:53:24;false
495;ACT;;Vel.midi;115;system;2017-12-12 05:34:12;;2016-11-28 22:37:00;false
496;ACT;;Lacus.pl;149;system;2017-09-10 00:49:31;;2016-11-22 06:57:43;false
497;ACT;;PosuereNonummyInteger.tbk;204;system;2018-03-03 21:36:05;;2016-05-09 19:35:50;false
498;ACT;;Proin.wrz;266;system;2017-12-13 08:17:51;;2017-01-25 19:43:23;false
499;ACT;;IdNisl.psd;28;system;2018-01-24 04:53:52;;2017-02-02 14:47:42;false
500;ACT;;PellentesqueAtNulla.lma;21;system;2017-07-01 15:24:28;;2016-08-05 05:38:44;false
501;ACT;;ScelerisqueMaurisSit.ra;215;system;2018-01-25 16:21:02;;2016-04-05 21:07:18;false
502;ACT;;Pulvinar.sea;145;system;2017-08-28 01:51:46;;2017-01-16 03:55:17;false
503;ACT;;SagittisDui.tif;204;system;2017-06-12 18:24:10;;2016-07-29 08:59:16;false
504;ACT;;Nisl.pct;93;system;2018-01-13 06:35:15;;2017-02-01 04:18:35;false
505;ACT;;EratNulla.vivo;234;system;2017-12-17 00:02:25;;2016-05-23 16:20:56;false
506;ACT;;ElementumLigulaVehicula.crl;47;system;2017-12-08 10:58:44;;2017-02-28 07:21:52;false
507;ACT;;Quisque.midi;52;system;2017-09-16 14:21:32;;2016-07-30 08:24:48;false
508;ACT;;Turpis.midi;127;system;2017-06-26 16:38:30;;2017-01-31 17:56:38;false
509;ACT;;Lorem.pfunk;292;system;2017-05-14 18:27:04;;2016-09-17 03:30:51;false
510;ACT;;VivamusVestibulum.dxf;155;system;2017-08-07 22:24:24;;2016-10-27 13:08:59;false
511;ACT;;Accumsan.f90;260;system;2018-03-19 00:25:43;;2016-05-13 22:15:02;false
512;ACT;;NibhInLectus.igs;251;system;2018-02-10 23:55:57;;2016-12-12 19:33:52;false
513;ACT;;LigulaSuspendisseOrnare.xls;79;system;2018-01-29 09:04:35;;2016-04-06 08:47:13;false
514;ACT;;QuamSapien.nif;239;system;2017-07-13 17:36:54;;2016-12-15 05:59:13;false
515;ACT;;Vestibulum.mcf;147;system;2018-01-15 06:55:32;;2016-08-08 16:41:22;false
516;ACT;;Sapien.hqx;97;system;2018-03-08 15:21:20;;2016-09-26 05:09:27;false
517;ACT;;DiamNeque.rng;134;system;2017-04-18 07:22:41;;2016-04-30 05:32:04;false
518;ACT;;LacusMorbiSem.tif;199;system;2017-08-22 20:21:37;;2016-04-26 03:47:20;false
519;ACT;;PrimisIn.hpg;177;system;2017-10-06 09:04:30;;2016-08-03 13:29:18;false
520;ACT;;NequeSapien.ip;197;system;2017-11-09 21:53:52;;2016-11-28 09:06:53;false
521;ACT;;CurabiturAt.bm;256;system;2017-09-18 19:02:22;;2017-03-23 08:48:52;false
522;ACT;;Aenean.htt;95;system;2017-09-16 04:51:19;;2016-06-28 21:56:12;false
523;ACT;;ScelerisqueMaurisSit.nix;64;system;2018-02-12 01:48:12;;2016-06-01 10:33:42;false
524;ACT;;TristiqueTortor.hqx;119;system;2018-03-26 05:40:33;;2016-08-07 19:15:28;false
525;ACT;;JustoEtiam.swf;189;system;2017-04-11 15:49:58;;2017-01-08 16:15:15;false
526;ACT;;SedTincidunt.shar;97;system;2017-10-30 11:18:08;;2017-03-31 05:59:45;false
527;ACT;;Nunc.ima;222;system;2017-10-05 01:41:22;;2016-10-11 04:55:40;false
528;ACT;;At.mc$;192;system;2017-08-19 19:20:54;;2016-10-15 13:44:13;false
529;ACT;;Curabitur.shtml;264;system;2017-08-04 06:08:34;;2017-01-17 14:45:48;false
530;ACT;;NasceturRidiculus.mp3;237;system;2017-10-27 17:57:59;;2016-05-09 21:12:24;false
531;ACT;;Vulputate.igs;49;system;2018-01-07 01:27:04;;2017-01-22 10:55:14;false
532;ACT;;VitaeNisi.dp;83;system;2018-03-26 22:06:39;;2016-05-24 17:47:14;false
533;ACT;;EleifendQuamA.ra;9;system;2017-11-09 15:03:41;;2016-11-09 18:20:54;false
534;ACT;;TempusVel.dwf;217;system;2017-05-27 06:52:17;;2016-08-27 10:12:14;false
535;ACT;;DictumstAliquam.vsd;41;system;2017-11-23 09:47:53;;2017-02-04 16:55:50;false
536;ACT;;Ac.mpe;215;system;2017-08-08 04:39:48;;2016-04-06 16:06:09;false
537;ACT;;Platea.vrml;160;system;2017-04-09 17:38:49;;2016-05-17 23:17:16;false
538;ACT;;In.xml;222;system;2017-10-10 18:08:40;;2016-07-22 02:50:54;false
539;ACT;;QuisJustoMaecenas.iefs;260;system;2017-08-17 04:20:54;;2016-09-27 15:57:07;false
540;ACT;;AtLoremInteger.jpe;12;system;2017-05-26 08:04:31;;2016-05-18 09:57:09;false
541;ACT;;NuncViverraDapibus.iefs;297;system;2017-06-22 16:18:41;;2016-10-09 01:25:51;false
542;ACT;;Blandit.jfif;142;system;2018-01-08 20:17:16;;2016-12-30 02:56:17;false
543;ACT;;Cum.asx;129;system;2017-07-06 21:06:02;;2016-09-23 22:54:31;false
544;ACT;;IntegerAliquet.bmp;133;system;2017-09-13 11:03:13;;2016-11-17 10:22:31;false
545;ACT;;Amet.jav;179;system;2017-05-21 14:24:03;;2016-12-20 17:21:58;false
546;ACT;;EtiamJusto.pm5;269;system;2017-10-06 02:04:25;;2016-10-06 18:13:58;false
547;ACT;;ConsequatMetus.xlw;177;system;2018-02-28 17:36:34;;2016-07-15 06:20:02;false
548;ACT;;DuiLuctus.vrml;183;system;2017-08-02 08:19:31;;2016-12-29 12:36:53;false
549;ACT;;Condimentum.rtf;135;system;2017-08-09 12:00:44;;2016-11-27 05:04:49;false
550;ACT;;TortorDuisMattis.rtf;246;system;2017-04-23 22:43:13;;2016-08-24 03:38:18;false
551;ACT;;AccumsanTortor.rmp;63;system;2018-01-29 15:23:23;;2016-08-13 10:20:17;false
552;ACT;;DuiVelNisl.tsp;48;system;2017-08-24 00:13:51;;2016-09-20 13:00:52;false
553;ACT;;CumSociisNatoque.rnx;141;system;2017-06-26 11:36:44;;2016-12-30 06:17:29;false
554;ACT;;NonummyMaecenas.ustar;280;system;2018-01-25 22:27:54;;2016-11-18 07:06:44;false
555;ACT;;OrciLuctus.uni;166;system;2017-11-09 09:57:02;;2016-12-01 14:09:07;false
556;ACT;;TempusVelPede.iges;116;system;2018-03-13 13:10:24;;2016-05-22 20:39:51;false
557;ACT;;LuctusRutrum.dwg;136;system;2018-01-10 22:53:54;;2017-03-22 13:44:24;false
558;ACT;;NecSem.avi;232;system;2017-04-12 03:27:03;;2016-07-22 03:52:08;false
559;ACT;;FelisDonec.saveme;290;system;2017-07-06 10:58:51;;2016-12-01 06:55:18;false
560;ACT;;NisiVulputate.xlb;291;system;2017-06-20 03:57:11;;2017-03-29 18:25:18;false
561;ACT;;VolutpatConvallis.moov;275;system;2017-12-01 01:47:29;;2016-12-15 04:34:14;false
562;ACT;;NisiNamUltrices.uris;251;system;2018-01-16 18:00:26;;2016-07-15 12:10:32;false
563;ACT;;FaucibusOrci.mpg;233;system;2017-07-16 17:09:37;;2016-04-18 16:41:33;false
564;ACT;;Magna.ima;169;system;2017-11-15 09:17:45;;2016-08-07 13:41:00;false
565;ACT;;Erat.wp5;272;system;2017-12-23 16:38:33;;2017-02-28 00:38:50;false
566;ACT;;In.gsp;67;system;2018-02-22 19:27:25;;2017-02-20 08:02:13;false
567;ACT;;DictumstMorbi.shar;19;system;2017-08-29 01:29:20;;2017-02-08 18:20:26;false
568;ACT;;HabitassePlateaDictumst.scm;273;system;2017-06-08 10:56:07;;2016-09-30 06:01:37;false
569;ACT;;Magna.xld;41;system;2017-08-03 23:55:37;;2017-02-05 20:35:58;false
570;ACT;;PrimisIn.lzx;145;system;2018-01-05 15:50:39;;2016-11-15 20:18:18;false
571;ACT;;MassaDonecDapibus.tsp;166;system;2017-04-26 23:56:46;;2016-10-18 03:41:45;false
572;ACT;;Imperdiet.niff;165;system;2018-01-30 00:22:26;;2016-06-06 11:04:20;false
573;ACT;;HacHabitassePlatea.cc;98;system;2018-04-02 00:33:03;;2016-05-14 21:56:40;false
574;ACT;;CrasIn.sl;5;system;2018-03-02 16:50:25;;2017-01-23 04:23:02;false
575;ACT;;Risus.viv;3;system;2017-11-08 20:18:51;;2016-10-14 05:48:20;false
576;ACT;;OrciLuctusEt.m1v;231;system;2017-12-17 01:58:07;;2016-09-10 08:45:51;false
577;ACT;;Luctus.nvd;109;system;2017-09-24 14:31:58;;2016-04-26 10:29:03;false
578;ACT;;EgetMassaTempor.dwg;3;system;2017-09-04 12:15:41;;2016-04-10 16:28:14;false
579;ACT;;CongueRisusSemper.zip;291;system;2018-03-16 04:51:01;;2016-04-09 14:19:09;false
580;ACT;;FaucibusCursus.xml;229;system;2017-09-08 23:18:48;;2016-09-07 07:52:11;false
581;ACT;;Sapien.xmz;79;system;2017-06-27 20:23:45;;2016-05-25 07:14:13;false
582;ACT;;NonLigulaPellentesque.cpt;70;system;2018-03-19 17:36:52;;2017-03-12 06:03:28;false
583;ACT;;UrnaPretium.hdf;254;system;2017-05-28 01:36:21;;2016-04-08 14:07:27;false
584;ACT;;Lacus.dot;187;system;2017-08-28 05:57:04;;2017-02-02 00:15:36;false
585;ACT;;Urna.bz;275;system;2017-07-05 00:35:08;;2017-03-21 03:36:33;false
586;ACT;;Magnis.vsw;297;system;2017-05-23 19:34:23;;2016-09-27 02:23:24;false
587;ACT;;Nec.vivo;106;system;2017-04-30 22:04:08;;2017-03-16 13:16:14;false
588;ACT;;NatoquePenatibusEt.nif;113;system;2018-01-01 16:30:51;;2017-03-31 20:08:45;false
589;ACT;;CuraeDonec.chat;280;system;2017-05-17 01:31:36;;2016-08-11 07:37:18;false
590;ACT;;PedeUllamcorper.au;214;system;2018-01-03 18:14:43;;2016-12-22 05:08:37;false
591;ACT;;Odio.mcf;259;system;2017-04-13 09:15:19;;2016-07-03 02:13:42;false
592;ACT;;Ut.avi;196;system;2017-04-09 12:11:57;;2016-10-06 12:57:14;false
593;ACT;;ConsequatVariusInteger.bin;11;system;2017-04-19 23:06:28;;2016-12-16 04:09:11;false
594;ACT;;ErosElementum.xyz;192;system;2017-12-21 19:53:28;;2016-08-25 09:42:34;false
595;ACT;;NullamVariusNulla.pl;225;system;2018-01-01 02:20:04;;2017-03-12 13:22:11;false
596;ACT;;Platea.rtx;1;system;2017-07-19 15:33:19;;2016-06-10 04:14:22;false
597;ACT;;CubiliaCuraeNulla.aas;76;system;2017-05-10 06:54:53;;2017-02-25 11:53:52;false
598;ACT;;SodalesSedTincidunt.mzz;267;system;2017-08-01 12:05:14;;2017-03-11 12:17:57;false
599;ACT;;MusVivamusVestibulum.vivo;167;system;2017-04-08 06:44:26;;2017-03-18 18:22:20;false
600;ACT;;SodalesScelerisqueMauris.gzip;156;system;2017-04-08 19:45:17;;2016-05-05 17:27:25;false
601;ACT;;RutrumNulla.hlp;190;system;2017-07-21 07:35:24;;2016-09-30 07:46:19;false
602;ACT;;Curabitur.p7r;110;system;2018-01-29 05:17:22;;2016-11-03 02:35:30;false
603;ACT;;SemperPorta.rp;117;system;2017-08-29 11:48:50;;2016-07-24 11:51:16;false
604;ACT;;UtOdio.z;234;system;2018-03-06 18:02:30;;2017-03-20 18:30:33;false
605;ACT;;BlanditLaciniaErat.xlw;215;system;2018-02-16 14:21:43;;2016-12-09 13:36:13;false
606;ACT;;IpsumAliquam.xlw;62;system;2017-05-23 23:20:18;;2016-11-26 23:39:22;false
607;ACT;;EnimLeoRhoncus.vsd;222;system;2017-11-21 11:24:10;;2016-10-19 03:32:25;false
608;ACT;;Ac.xbm;43;system;2017-04-06 14:24:48;;2016-11-17 19:12:38;false
609;ACT;;PharetraMagnaAc.mif;33;system;2017-04-20 23:06:08;;2016-10-21 05:37:27;false
610;ACT;;Rhoncus.lha;137;system;2017-12-20 06:24:37;;2016-12-04 06:00:01;false
611;ACT;;NullaMollisMolestie.hlb;10;system;2017-05-08 05:53:43;;2016-08-02 08:02:44;false
612;ACT;;At.ppt;133;system;2017-06-11 16:01:20;;2017-02-17 11:11:18;false
613;ACT;;ASuscipit.css;71;system;2017-04-25 22:24:11;;2017-02-10 04:21:18;false
614;ACT;;EleifendPedeLibero.voc;65;system;2017-05-27 05:09:55;;2016-07-29 04:13:23;false
615;ACT;;NullamOrci.ico;126;system;2018-02-19 08:10:37;;2017-01-26 16:47:26;false
616;ACT;;Purus.zip;292;system;2018-01-02 14:31:52;;2017-03-02 19:08:31;false
617;ACT;;VelDapibusAt.prt;263;system;2017-06-16 02:08:48;;2017-03-16 11:51:22;false
618;ACT;;IntegerAliquet.dl;179;system;2017-07-26 11:29:21;;2017-02-06 05:16:04;false
619;ACT;;IpsumAcTellus.sgm;277;system;2017-09-25 09:32:18;;2016-04-28 16:46:28;false
620;ACT;;UltricesPosuereCubilia.pct;271;system;2017-07-30 00:21:19;;2016-12-24 17:25:38;false
621;ACT;;Elementum.pov;80;system;2017-04-27 08:31:02;;2016-10-29 22:17:40;false
622;ACT;;CrasInPurus.mpt;49;system;2017-12-07 08:04:13;;2016-09-23 04:46:38;false
623;ACT;;NuncProinAt.jpg;298;system;2018-02-17 03:43:55;;2017-02-26 07:21:45;false
624;ACT;;Ut.dot;272;system;2017-04-30 06:08:07;;2016-04-05 03:52:25;false
625;ACT;;LiberoNon.ip;11;system;2017-11-10 12:09:30;;2017-03-06 16:45:19;false
626;ACT;;EratVestibulumSed.exe;202;system;2017-08-22 06:43:50;;2016-08-12 11:55:43;false
627;ACT;;SemperPorta.sea;294;system;2017-09-04 16:49:13;;2016-06-03 06:40:18;false
628;ACT;;Purus.mp2;263;system;2017-12-28 22:46:36;;2016-04-13 00:54:05;false
629;ACT;;FaucibusOrci.uri;97;system;2017-06-28 06:23:00;;2016-05-15 03:56:04;false
630;ACT;;Morbi.pkg;209;system;2018-03-06 02:46:34;;2016-09-03 16:56:34;false
631;ACT;;PedePosuereNonummy.xlc;255;system;2017-07-14 22:52:26;;2016-10-20 14:01:42;false
632;ACT;;Lorem.hdf;143;system;2017-10-03 19:10:27;;2017-03-12 02:34:12;false
633;ACT;;SollicitudinVitaeConsectetuer.gzip;263;system;2017-07-02 20:39:26;;2016-05-05 21:04:41;false
634;ACT;;VitaeQuamSuspendisse.lsx;285;system;2017-11-18 21:16:04;;2016-09-26 12:45:32;false
635;ACT;;HabitassePlateaDictumst.skm;272;system;2017-04-04 10:31:10;;2016-10-18 19:20:19;false
636;ACT;;Velit.el;258;system;2017-12-15 04:40:16;;2016-07-14 17:51:18;false
637;ACT;;SagittisDui.shar;212;system;2017-11-29 15:52:56;;2016-04-27 11:25:55;false
638;ACT;;Tempor.xif;136;system;2017-04-18 05:47:16;;2016-10-12 17:06:37;false
639;ACT;;FringillaRhoncus.rmp;160;system;2017-11-26 11:23:56;;2017-02-07 15:51:34;false
640;ACT;;SagittisSapienCum.sv4cpio;137;system;2018-01-29 22:32:29;;2016-04-04 21:33:23;false
641;ACT;;Augue.ins;87;system;2017-10-18 00:49:42;;2016-09-13 10:51:21;false
642;ACT;;EtCommodoVulputate.avi;251;system;2017-07-12 00:36:00;;2017-03-29 21:43:58;false
643;ACT;;LuctusEt.omcr;60;system;2017-08-21 04:23:34;;2016-12-23 04:59:37;false
644;ACT;;NuncPurusPhasellus.lhx;293;system;2017-09-04 08:49:02;;2016-07-10 02:26:15;false
645;ACT;;Amet.mcd;112;system;2017-09-01 08:54:54;;2017-03-10 18:07:02;false
646;ACT;;Enim.afl;10;system;2017-08-27 02:59:56;;2016-04-27 16:07:21;false
647;ACT;;Montes.vcd;157;system;2017-10-16 02:38:22;;2016-05-29 19:38:14;false
648;ACT;;Ante.scm;83;system;2017-12-16 08:36:10;;2017-03-14 07:27:55;false
649;ACT;;LiberoNonMattis.hgl;14;system;2018-02-11 18:11:53;;2016-04-08 18:00:44;false
650;ACT;;HendreritAt.la;167;system;2017-05-27 05:03:16;;2017-01-07 17:39:07;false
651;ACT;;Nulla.def;250;system;2018-01-01 15:22:28;;2017-02-06 07:30:59;false
652;ACT;;SitAmet.bin;122;system;2017-07-18 21:05:59;;2016-06-25 19:48:37;false
653;ACT;;CongueVivamusMetus.m;13;system;2017-05-30 09:52:20;;2016-11-13 23:09:43;false
654;ACT;;SedJusto.w60;253;system;2017-12-02 16:24:18;;2016-10-15 02:14:01;false
655;ACT;;LuctusEt.my;50;system;2017-11-24 05:38:38;;2017-01-18 00:36:59;false
656;ACT;;ProinAt.hqx;222;system;2017-08-07 22:10:32;;2017-03-20 04:16:12;false
657;ACT;;MorbiVestibulumVelit.sit;150;system;2017-08-11 19:23:06;;2016-09-30 21:36:32;false
658;ACT;;ImperdietEt.au;105;system;2017-10-03 09:06:59;;2016-04-14 14:51:53;false
659;ACT;;Tincidunt.gss;207;system;2017-04-03 05:16:02;;2017-01-22 23:04:58;false
660;ACT;;Semper.m2v;1;system;2017-11-07 00:45:08;;2017-02-23 11:52:45;false
661;ACT;;In.zip;56;system;2017-08-28 05:03:12;;2016-05-26 01:35:01;false
662;ACT;;Primis.asx;155;system;2017-06-07 01:07:42;;2017-02-18 16:17:50;false
663;ACT;;PrimisInFaucibus.asm;80;system;2017-05-26 14:22:28;;2016-06-24 15:04:05;false
664;ACT;;NequeAeneanAuctor.js;115;system;2017-07-01 04:04:32;;2016-07-27 03:52:58;false
665;ACT;;Id.pyc;53;system;2017-06-11 15:54:13;;2016-05-25 16:21:22;false
666;ACT;;Parturient.la;69;system;2017-11-11 06:23:49;;2017-03-12 07:59:26;false
667;ACT;;OdioDonec.pict;153;system;2017-11-27 18:06:09;;2017-03-09 08:42:47;false
668;ACT;;MiSitAmet.p7r;58;system;2017-09-23 17:33:51;;2017-02-25 23:19:47;false
669;ACT;;InHacHabitasse.zoo;32;system;2018-03-26 02:01:52;;2016-07-01 09:14:55;false
670;ACT;;VenenatisLacinia.smil;267;system;2017-05-14 08:12:59;;2016-06-19 00:21:09;false
671;ACT;;VestibulumAnteIpsum.gzip;54;system;2017-07-14 19:41:40;;2016-07-17 19:55:13;false
672;ACT;;Massa.m2v;54;system;2018-03-22 02:57:53;;2016-06-27 07:25:57;false
673;ACT;;AmetCursusId.mime;206;system;2017-07-12 03:13:31;;2017-01-11 14:15:14;false
674;ACT;;Interdum.java;266;system;2017-08-10 22:27:17;;2016-04-06 18:20:51;false
675;ACT;;Nisl.wri;177;system;2017-08-15 00:10:06;;2016-10-16 12:15:45;false
676;ACT;;PellentesqueQuisquePorta.mime;160;system;2018-02-07 07:16:42;;2016-05-26 07:37:23;false
677;ACT;;NamUltricesLibero.cdf;167;system;2017-07-20 14:37:44;;2016-07-05 22:28:00;false
678;ACT;;JustoIn.avs;141;system;2017-12-05 06:50:09;;2016-12-10 05:57:53;false
679;ACT;;ConvallisNunc.xyz;140;system;2017-12-11 15:27:02;;2016-07-16 18:21:46;false
680;ACT;;Vel.sdml;51;system;2017-05-24 00:16:57;;2017-01-13 19:55:57;false
681;ACT;;Justo.sh;121;system;2017-12-28 06:43:15;;2017-01-10 07:28:13;false
682;ACT;;Donec.ivy;129;system;2018-02-23 19:31:40;;2016-09-12 09:15:02;false
683;ACT;;InLeo.drw;46;system;2017-06-29 00:52:25;;2016-07-15 16:00:34;false
684;ACT;;MiSit.rtx;91;system;2018-02-10 08:17:45;;2017-03-30 13:21:36;false
685;ACT;;Tristique.ip;64;system;2017-07-22 19:44:33;;2016-05-18 06:49:51;false
686;ACT;;MusEtiamVel.viv;20;system;2017-07-12 16:38:35;;2016-07-02 05:47:58;false
687;ACT;;QuisqueUtErat.m2v;120;system;2018-02-09 19:46:02;;2016-07-10 07:47:53;false
688;ACT;;LiberoRutrum.p10;239;system;2018-01-30 02:24:10;;2017-03-27 21:40:02;false
689;ACT;;Erat.rv;126;system;2017-08-05 14:14:09;;2017-02-05 18:49:44;false
690;ACT;;VolutpatEleifend.hlb;108;system;2018-01-07 07:55:58;;2017-03-21 23:14:00;false
691;ACT;;SemperSapienA.evy;38;system;2017-08-21 22:11:31;;2017-01-28 10:43:50;false
692;ACT;;Vehicula.css;101;system;2017-08-10 13:37:35;;2016-09-10 05:46:19;false
693;ACT;;UtDolorMorbi.lha;59;system;2018-03-16 00:25:21;;2016-05-16 17:04:42;false
694;ACT;;NonQuamNec.mp2;119;system;2017-11-15 00:44:48;;2016-06-21 23:18:08;false
695;ACT;;Vestibulum.ssi;93;system;2017-07-14 23:03:18;;2017-03-31 08:13:33;false
696;ACT;;SodalesScelerisqueMauris.dwf;192;system;2017-11-15 11:54:27;;2016-07-22 17:22:34;false
697;ACT;;TurpisInteger.wav;88;system;2018-01-14 02:10:38;;2017-03-16 19:40:44;false
698;ACT;;UtMauris.snd;271;system;2018-02-13 04:44:45;;2017-03-17 06:32:29;false
699;ACT;;IdNulla.deepv;124;system;2017-05-28 09:39:43;;2017-02-17 08:23:47;false
700;ACT;;Habitasse.hqx;219;system;2017-05-26 01:18:46;;2016-08-23 11:58:07;false
701;ACT;;MaecenasTristiqueEst.sh;251;system;2017-11-16 20:33:13;;2016-10-03 10:24:35;false
702;ACT;;JustoEtiam.ncm;55;system;2017-09-11 14:19:07;;2016-08-30 10:52:55;false
703;ACT;;UtNunc.au;298;system;2018-04-02 22:44:30;;2016-04-27 05:16:03;false
704;ACT;;Magna.gz;28;system;2018-02-20 18:26:05;;2016-10-14 10:10:43;false
705;ACT;;OrciPedeVenenatis.cpt;282;system;2017-12-27 20:22:45;;2016-09-16 10:01:57;false
706;ACT;;Libero.bmp;80;system;2017-12-30 16:38:04;;2017-03-17 02:15:02;false
707;ACT;;FermentumJusto.sgm;128;system;2018-02-15 21:22:12;;2016-08-08 14:25:14;false
708;ACT;;NullaTempusVivamus.dif;50;system;2017-06-07 18:34:20;;2016-08-08 05:32:51;false
709;ACT;;ErosViverra.texinfo;213;system;2017-07-27 05:45:28;;2016-07-04 17:42:01;false
710;ACT;;OdioElementum.qtif;172;system;2017-11-01 17:16:31;;2016-08-14 19:07:39;false
711;ACT;;SuspendisseOrnare.js;28;system;2018-02-12 03:42:58;;2016-10-25 22:43:07;false
712;ACT;;FeugiatEt.zsh;275;system;2018-03-21 23:48:54;;2016-09-13 08:13:59;false
713;ACT;;NullamVariusNulla.sdr;121;system;2017-10-04 02:44:57;;2016-04-10 14:03:02;false
714;ACT;;LobortisSapienSapien.iefs;265;system;2017-04-19 17:34:10;;2016-10-04 08:18:19;false
715;ACT;;Maecenas.ps;27;system;2017-11-21 10:23:10;;2016-11-23 05:04:48;false
716;ACT;;Faucibus.skt;215;system;2018-01-13 14:54:27;;2016-06-16 22:30:48;false
717;ACT;;InLibero.hqx;110;system;2017-08-10 12:31:44;;2016-09-27 02:55:26;false
718;ACT;;VelLectus.mm;85;system;2017-10-10 13:52:13;;2017-02-24 17:32:12;false
719;ACT;;VestibulumSitAmet.wp5;271;system;2018-04-02 21:37:46;;2017-03-12 17:52:00;false
720;ACT;;UltricesVelAugue.frl;260;system;2017-07-18 21:32:04;;2016-12-04 08:04:26;false
721;ACT;;DisParturient.cer;18;system;2018-01-08 03:14:55;;2016-06-25 04:49:05;false
722;ACT;;InLacusCurabitur.mid;200;system;2017-09-30 22:37:02;;2016-04-14 12:19:19;false
723;ACT;;Interdum.bz2;228;system;2017-05-31 14:06:53;;2016-10-21 02:12:59;false
724;ACT;;SapienVarius.pfunk;161;system;2018-03-10 16:49:52;;2016-11-18 16:19:54;false
725;ACT;;IpsumPrimis.jav;257;system;2017-06-20 06:53:27;;2016-06-17 10:06:09;false
726;ACT;;EgetElitSodales.hqx;124;system;2017-09-25 10:43:46;;2017-03-24 12:52:32;false
727;ACT;;VestibulumEget.pfunk;273;system;2018-02-16 07:54:48;;2016-07-31 04:22:37;false
728;ACT;;AtTurpis.aas;8;system;2017-12-29 07:17:38;;2016-04-14 04:28:03;false
729;ACT;;QuamNecDui.jav;45;system;2017-08-10 22:47:43;;2017-03-04 15:03:20;false
730;ACT;;MattisNibh.csh;224;system;2017-07-19 22:54:21;;2017-02-06 02:10:32;false
731;ACT;;JustoEu.svf;130;system;2017-11-03 06:29:40;;2016-10-18 12:42:08;false
732;ACT;;Eu.texinfo;273;system;2018-01-31 17:36:54;;2016-07-19 01:47:25;false
733;ACT;;PurusEu.rtf;251;system;2018-02-24 00:11:05;;2016-06-13 11:01:00;false
734;ACT;;IdJusto.text;128;system;2017-04-18 05:03:08;;2016-07-19 16:37:12;false
735;ACT;;MaurisLacinia.aab;124;system;2017-09-28 17:10:09;;2016-12-31 16:23:03;false
736;ACT;;Faucibus.stp;280;system;2017-11-07 11:09:11;;2016-04-19 15:34:12;false
737;ACT;;SagittisSapien.cc;59;system;2017-12-06 23:36:03;;2017-03-30 08:32:17;false
738;ACT;;Consequat.mpa;133;system;2017-10-17 14:42:49;;2016-04-09 05:51:41;false
739;ACT;;QuamNec.jfif;185;system;2017-09-05 01:35:09;;2016-07-31 00:46:40;false
740;ACT;;PellentesqueAtNulla.elc;294;system;2017-10-16 02:43:45;;2016-08-04 14:16:19;false
741;ACT;;AcNullaSed.nif;188;system;2018-03-18 10:57:38;;2016-11-08 10:56:56;false
742;ACT;;SagittisNam.bcpio;75;system;2017-07-04 00:34:56;;2016-12-05 12:08:57;false
743;ACT;;HacHabitasse.skt;292;system;2018-03-04 04:21:24;;2016-07-25 03:17:41;false
744;ACT;;VestibulumVelit.midi;86;system;2018-03-30 07:37:45;;2016-12-29 00:04:28;false
745;ACT;;ErosViverra.cpio;70;system;2017-12-10 01:54:13;;2016-10-21 00:42:22;false
746;ACT;;PedeMalesuadaIn.afl;130;system;2018-01-21 13:13:54;;2016-04-19 07:56:29;false
747;ACT;;Convallis.s;14;system;2017-06-11 00:20:57;;2016-08-05 23:30:05;false
748;ACT;;CondimentumNequeSapien.lha;92;system;2018-03-06 07:07:47;;2016-10-30 02:11:16;false
749;ACT;;SapienUtNunc.xla;140;system;2017-04-27 06:59:57;;2017-01-16 03:04:46;false
750;ACT;;PellentesqueQuisque.ksh;300;system;2017-07-27 12:43:07;;2016-11-04 19:09:43;false
751;ACT;;VestibulumProinEu.mcf;275;system;2017-12-11 23:34:38;;2016-07-30 15:40:49;false
752;ACT;;Donec.asp;5;system;2017-04-04 01:12:43;;2017-01-20 14:13:45;false
753;ACT;;EuSapien.zip;142;system;2017-07-04 00:20:29;;2016-07-14 02:31:40;false
754;ACT;;MusVivamusVestibulum.bin;56;system;2017-11-06 09:17:08;;2016-05-06 02:11:57;false
755;ACT;;ConvallisEgetEleifend.svr;194;system;2018-01-23 01:34:58;;2016-08-28 17:35:57;false
756;ACT;;MiSit.bin;154;system;2017-04-16 17:22:47;;2016-05-28 11:05:31;false
757;ACT;;QuisqueArcuLibero.wsc;106;system;2017-07-21 18:29:48;;2017-01-16 23:56:36;false
758;ACT;;Faucibus.dxf;292;system;2018-03-28 21:07:49;;2016-11-03 05:30:52;false
759;ACT;;ArcuSedAugue.pcx;91;system;2017-05-08 19:52:39;;2017-01-05 10:41:07;false
760;ACT;;VelAccumsan.my;86;system;2018-02-17 16:33:07;;2016-09-25 13:01:28;false
761;ACT;;Eu.rt;114;system;2017-07-07 14:03:20;;2016-12-01 02:34:35;false
762;ACT;;UtErat.zip;161;system;2018-03-07 17:35:56;;2016-05-26 05:12:01;false
763;ACT;;Id.z;53;system;2017-04-04 03:08:56;;2017-03-03 04:08:37;false
764;ACT;;Sagittis.mp2;148;system;2017-09-19 22:40:04;;2016-12-15 12:04:59;false
765;ACT;;NequeDuis.pvu;243;system;2017-04-22 19:55:03;;2016-10-19 02:10:37;false
766;ACT;;FuscePosuere.iges;176;system;2017-09-17 18:06:28;;2017-02-16 01:16:06;false
767;ACT;;SitAmetDiam.la;146;system;2017-10-11 14:25:06;;2017-03-26 05:04:44;false
768;ACT;;Velit.xlb;41;system;2017-07-25 08:43:24;;2016-07-03 03:14:32;false
769;ACT;;EratId.omcr;186;system;2018-03-21 07:26:41;;2016-07-13 17:23:25;false
770;ACT;;Donec.smi;124;system;2018-03-04 16:31:52;;2016-05-23 08:50:06;false
771;ACT;;MorbiVestibulumVelit.mme;20;system;2017-11-28 16:48:01;;2016-05-24 03:01:27;false
772;ACT;;AliquamNon.ustar;92;system;2018-02-05 02:24:36;;2016-06-09 22:14:43;false
773;ACT;;LiberoNullam.bcpio;70;system;2017-09-13 17:14:48;;2016-10-31 11:11:07;false
774;ACT;;ImperdietEtCommodo.rmm;113;system;2017-06-08 05:40:03;;2017-02-27 05:30:38;false
775;ACT;;At.vrml;299;system;2018-02-17 18:19:08;;2016-11-08 18:27:51;false
776;ACT;;Vestibulum.sol;96;system;2018-01-12 10:19:29;;2016-12-19 12:22:32;false
777;ACT;;DonecOdio.wbmp;146;system;2017-09-10 10:31:24;;2016-06-13 18:00:06;false
778;ACT;;OdioElementumEu.jpe;167;system;2018-03-06 18:42:00;;2016-12-07 07:47:35;false
779;ACT;;LeoRhoncus.omcd;113;system;2017-05-17 19:45:27;;2016-12-22 10:47:22;false
780;ACT;;CongueDiam.bmp;292;system;2018-01-29 05:28:03;;2016-04-06 16:10:56;false
781;ACT;;LectusVestibulumQuam.igs;75;system;2017-07-01 09:15:42;;2017-03-13 07:03:29;false
782;ACT;;TortorEuPede.aas;239;system;2017-04-25 08:07:12;;2016-12-29 12:59:51;false
783;ACT;;SemperSapien.csh;29;system;2017-04-26 03:58:28;;2016-12-24 12:20:08;false
784;ACT;;Luctus.mrc;266;system;2018-03-27 11:12:58;;2017-01-10 06:53:37;false
785;ACT;;ImperdietNullamOrci.jpeg;293;system;2017-10-28 20:36:22;;2016-07-13 15:15:55;false
786;ACT;;LigulaIn.word;174;system;2017-10-08 09:56:01;;2017-01-03 08:25:21;false
787;ACT;;Volutpat.pcl;79;system;2018-02-15 17:23:06;;2016-09-28 15:18:49;false
788;ACT;;Justo.stp;231;system;2017-11-16 19:54:50;;2016-12-30 17:53:30;false
789;ACT;;EtiamFaucibus.p7s;144;system;2017-06-13 18:44:42;;2016-06-06 06:10:04;false
790;ACT;;BlanditMiIn.ssi;106;system;2017-11-03 00:15:37;;2016-06-24 05:25:29;false
791;ACT;;ConsequatNulla.isu;79;system;2017-06-02 14:57:50;;2017-01-27 01:04:45;false
792;ACT;;FusceLacusPurus.scm;195;system;2017-12-27 03:04:17;;2016-11-08 22:03:55;false
793;ACT;;NonLectus.vrml;2;system;2018-01-16 09:52:47;;2016-09-26 14:16:00;false
794;ACT;;NuncViverra.tsp;208;system;2017-06-03 08:41:03;;2017-02-16 07:58:17;false
795;ACT;;VelitEu.rexx;290;system;2017-12-25 08:09:15;;2016-04-11 18:42:37;false
796;ACT;;VestibulumAliquet.gss;111;system;2017-09-29 06:50:19;;2017-02-06 07:35:42;false
797;ACT;;ProinAtTurpis.gsp;112;system;2017-12-01 14:48:35;;2016-11-19 08:14:51;false
798;ACT;;QuisOrci.xml;246;system;2018-02-11 04:00:35;;2017-02-11 23:37:56;false
799;ACT;;VenenatisTristiqueFusce.mrc;108;system;2018-01-10 19:25:58;;2016-09-28 13:06:08;false
800;ACT;;LigulaInLacus.ief;236;system;2017-05-16 01:50:18;;2016-04-06 21:26:07;false
801;ACT;;Blandit.wk1;193;system;2017-12-28 23:58:16;;2016-10-09 07:59:29;false
802;ACT;;Maecenas.tbk;117;system;2018-03-06 04:37:22;;2016-06-20 07:20:00;false
803;ACT;;Vestibulum.xld;60;system;2017-04-26 04:39:03;;2017-03-31 22:05:18;false
804;ACT;;Eros.niff;142;system;2017-12-25 14:35:21;;2016-11-18 18:18:17;false
805;ACT;;SitAmetEleifend.pko;174;system;2017-07-02 05:18:15;;2016-05-22 15:47:07;false
806;ACT;;MorbiPorttitorLorem.kar;138;system;2018-02-14 03:44:36;;2016-10-30 10:37:43;false
807;ACT;;AmetEleifend.mp3;200;system;2017-12-20 05:20:06;;2016-06-18 23:28:08;false
808;ACT;;PedeLiberoQuis.mpg;272;system;2017-11-20 23:04:49;;2016-10-20 00:32:44;false
809;ACT;;HacHabitassePlatea.rtf;276;system;2018-01-23 12:00:36;;2017-02-14 16:53:14;false
810;ACT;;EstLacinia.elc;249;system;2017-08-27 03:47:38;;2016-11-16 19:50:58;false
811;ACT;;Elit.shtml;47;system;2017-10-13 06:08:22;;2016-10-08 02:51:54;false
812;ACT;;Felis.tcsh;109;system;2018-01-01 00:19:27;;2017-01-31 09:41:15;false
813;ACT;;OrciPede.mme;190;system;2018-01-21 21:52:48;;2017-01-27 23:09:49;false
814;ACT;;In.psd;171;system;2018-01-09 23:41:06;;2016-07-18 23:27:11;false
815;ACT;;Pede.pgm;71;system;2017-10-11 10:19:01;;2016-06-02 20:54:16;false
816;ACT;;PenatibusEtMagnis.xlb;221;system;2017-07-06 20:37:00;;2016-12-12 14:41:52;false
817;ACT;;RutrumRutrum.hlp;133;system;2017-09-12 07:46:48;;2016-10-17 14:47:43;false
818;ACT;;Sollicitudin.xls;180;system;2018-01-01 02:42:47;;2016-04-14 01:36:51;false
819;ACT;;NuncProinAt.tgz;174;system;2017-05-09 09:39:53;;2017-02-23 00:01:55;false
820;ACT;;TinciduntAnte.help;106;system;2017-07-20 18:16:12;;2016-04-10 10:18:48;false
821;ACT;;Nulla.xls;177;system;2017-08-31 16:57:26;;2016-10-18 05:32:10;false
822;ACT;;MattisPulvinar.pm;293;system;2017-12-13 10:02:09;;2017-01-21 03:39:07;false
823;ACT;;Viverra.xlw;137;system;2018-01-03 21:50:48;;2016-04-29 13:29:34;false
824;ACT;;PraesentBlanditNam.htmls;278;system;2017-11-22 18:31:56;;2017-01-18 14:06:57;false
825;ACT;;JustoSollicitudin.kar;299;system;2017-04-28 07:47:58;;2016-09-08 07:09:29;false
826;ACT;;Orci.aas;176;system;2017-12-29 04:25:06;;2016-07-07 05:33:54;false
827;ACT;;PraesentBlanditNam.mpx;19;system;2017-08-12 15:03:56;;2016-04-13 03:29:21;false
828;ACT;;SagittisSapienCum.sdml;262;system;2018-01-15 17:26:50;;2017-01-19 17:47:11;false
829;ACT;;Cubilia.flx;14;system;2017-11-19 01:50:12;;2016-06-15 10:54:06;false
830;ACT;;SapienArcuSed.movie;63;system;2018-02-05 16:13:48;;2016-07-24 22:54:14;false
831;ACT;;SuscipitLigulaIn.mpv;220;system;2017-12-04 18:44:54;;2016-10-20 05:40:51;false
832;ACT;;ImperdietEtCommodo.mp2;95;system;2017-06-18 09:08:09;;2017-03-16 08:54:13;false
833;ACT;;IdLigula.dl;131;system;2017-11-14 23:42:14;;2016-08-13 00:30:19;false
834;ACT;;QuisqueErat.mbd;7;system;2017-08-10 11:25:12;;2016-07-24 07:33:58;false
835;ACT;;VelLectus.boz;299;system;2018-02-07 17:59:12;;2016-04-28 19:08:47;false
836;ACT;;InterdumMauris.pot;200;system;2017-12-19 15:10:44;;2016-10-27 11:14:41;false
837;ACT;;EuNibhQuisque.uris;13;system;2017-05-05 20:38:44;;2016-07-13 01:44:27;false
838;ACT;;EuTinciduntIn.pot;3;system;2017-07-20 01:47:04;;2016-12-02 07:48:07;false
839;ACT;;Ipsum.mp2;286;system;2017-08-10 14:41:28;;2016-08-21 22:28:22;false
840;ACT;;AcTellus.ppt;71;system;2017-08-08 04:45:44;;2016-09-04 21:06:25;false
841;ACT;;LaoreetUtRhoncus.lma;80;system;2018-03-13 08:38:32;;2017-04-02 15:24:55;false
842;ACT;;UltricesVel.eps;190;system;2017-04-04 01:52:20;;2016-10-13 06:06:58;false
843;ACT;;NisiNamUltrices.mov;4;system;2017-10-12 19:42:40;;2017-01-02 00:15:56;false
844;ACT;;PellentesqueUltricesMattis.funk;232;system;2017-10-13 17:01:08;;2016-05-16 20:30:03;false
845;ACT;;Dui.sh;39;system;2018-02-18 15:31:37;;2016-07-23 21:41:56;false
846;ACT;;CubiliaCurae.hpgl;99;system;2017-05-28 15:08:12;;2016-11-15 23:22:30;false
847;ACT;;Sapien.tex;187;system;2017-05-19 18:38:37;;2017-01-23 18:10:44;false
848;ACT;;Posuere.vdo;96;system;2017-06-25 10:40:30;;2016-10-17 05:15:04;false
849;ACT;;DolorMorbiVel.uil;149;system;2018-01-20 13:09:14;;2016-05-31 01:36:37;false
850;ACT;;Vitae.aiff;128;system;2017-07-05 09:21:03;;2017-03-05 02:39:22;false
851;ACT;;Morbi.hpgl;299;system;2017-10-25 20:17:20;;2016-06-20 18:14:15;false
852;ACT;;SedSagittis.sgm;11;system;2017-09-25 20:49:30;;2016-11-21 05:06:37;false
853;ACT;;Eu.part;175;system;2017-05-16 18:51:54;;2016-08-16 09:18:07;false
854;ACT;;DuisBibendum.avi;180;system;2017-07-30 22:56:48;;2016-04-11 03:11:19;false
855;ACT;;Natoque.mid;297;system;2017-05-03 07:00:40;;2016-05-14 06:15:23;false
856;ACT;;NequeSapien.wmlsc;201;system;2017-09-18 06:37:16;;2016-06-21 08:01:51;false
857;ACT;;SemperEstQuam.lha;42;system;2017-06-12 06:26:52;;2016-09-13 02:34:10;false
858;ACT;;DonecDiam.xld;148;system;2017-10-01 04:02:04;;2016-04-18 05:17:26;false
859;ACT;;Id.mar;233;system;2017-11-23 09:44:42;;2016-11-25 20:21:21;false
860;ACT;;PretiumIaculis.sdr;96;system;2017-08-04 09:43:57;;2016-12-23 08:33:10;false
861;ACT;;TinciduntLacusAt.jam;226;system;2017-06-21 10:55:39;;2016-05-13 14:58:10;false
862;ACT;;LigulaSitAmet.ps;135;system;2017-12-22 01:48:48;;2016-11-22 03:23:09;false
863;ACT;;ViverraEget.uu;112;system;2017-08-26 19:18:32;;2016-07-19 17:54:45;false
864;ACT;;OdioElementum.lsx;69;system;2017-05-07 17:18:22;;2017-01-21 18:32:41;false
865;ACT;;MagnaVulputate.crl;159;system;2017-09-19 02:18:28;;2016-08-26 22:20:04;false
866;ACT;;DuisBibendum.omc;23;system;2017-08-09 15:04:27;;2017-03-03 21:40:54;false
867;ACT;;Interdum.lzx;117;system;2018-01-23 05:28:02;;2016-11-24 22:40:53;false
868;ACT;;PedeLobortis.tar;265;system;2018-02-15 04:14:45;;2016-12-18 05:50:24;false
869;ACT;;FaucibusOrciLuctus.xls;202;system;2018-01-11 15:43:32;;2016-10-23 05:24:35;false
870;ACT;;AdipiscingMolestie.aab;270;system;2017-10-03 03:59:34;;2016-08-02 10:57:18;false
871;ACT;;Sociis.rast;159;system;2017-09-02 09:31:39;;2017-02-21 00:05:22;false
872;ACT;;Lorem.cco;192;system;2017-10-27 13:53:38;;2016-11-25 01:02:59;false
873;ACT;;Ultrices.jpeg;117;system;2017-06-03 15:22:29;;2017-03-29 03:22:23;false
874;ACT;;PosuereCubilia.tr;105;system;2017-07-26 02:32:04;;2016-07-28 05:24:32;false
875;ACT;;LuctusEtUltrices.bmp;20;system;2018-03-31 20:25:25;;2016-07-05 10:24:34;false
876;ACT;;VehiculaConsequat.aos;145;system;2017-04-30 02:26:19;;2016-05-29 17:26:52;false
877;ACT;;Natoque.xlw;173;system;2017-11-25 16:33:15;;2017-03-21 09:17:33;false
878;ACT;;Posuere.qd3;210;system;2017-10-13 10:14:38;;2017-01-08 12:27:36;false
879;ACT;;RutrumNullaNunc.vdo;258;system;2018-01-04 13:52:32;;2017-01-07 01:34:06;false
880;ACT;;In.wmlc;132;system;2018-02-16 05:23:34;;2016-12-16 07:55:25;false
881;ACT;;PedeVenenatis.lha;228;system;2017-09-12 14:51:48;;2016-10-02 21:36:48;false
882;ACT;;AnteIpsumPrimis.hqx;231;system;2018-02-24 23:42:14;;2016-06-13 05:44:46;false
883;ACT;;ScelerisqueQuam.csh;200;system;2017-07-01 07:08:12;;2017-01-16 00:38:19;false
884;ACT;;InHac.dot;48;system;2018-03-19 14:19:41;;2016-05-11 15:41:08;false
885;ACT;;QuamTurpisAdipiscing.xsr;63;system;2018-02-20 03:32:22;;2016-10-11 14:10:37;false
886;ACT;;Nulla.aim;78;system;2018-03-02 17:41:14;;2016-05-29 22:10:15;false
887;ACT;;Sit.xlt;38;system;2017-08-13 08:46:44;;2016-06-05 15:12:21;false
888;ACT;;Cras.ccad;159;system;2017-09-18 07:18:02;;2016-05-08 17:29:59;false
889;ACT;;MorbiSem.htc;37;system;2017-09-21 13:37:08;;2017-01-11 12:00:45;false
890;ACT;;AdipiscingElitProin.fpx;267;system;2017-09-29 15:38:07;;2016-05-26 21:14:47;false
891;ACT;;EtCommodoVulputate.xlk;178;system;2017-06-09 09:44:55;;2016-04-11 04:11:10;false
892;ACT;;In.mrc;241;system;2017-06-17 01:40:48;;2016-12-31 06:26:52;false
893;ACT;;Eu.wp;147;system;2017-08-20 13:24:05;;2016-09-22 20:31:10;false
894;ACT;;Varius.mid;289;system;2017-04-13 11:09:45;;2017-01-07 20:48:53;false
895;ACT;;ConsequatUt.qd3;144;system;2017-05-14 10:14:18;;2016-08-27 12:12:55;false
896;ACT;;ALiberoNam.sit;204;system;2018-03-26 03:46:15;;2016-09-15 20:44:54;false
897;ACT;;NuncDonecQuis.text;224;system;2017-05-01 20:13:58;;2017-03-05 04:56:59;false
898;ACT;;Volutpat.my;139;system;2018-02-15 22:39:29;;2016-12-26 18:49:23;false
899;ACT;;VulputateNonummy.xlw;295;system;2017-06-26 10:20:10;;2017-03-08 14:26:11;false
900;ACT;;SapienCursus.xbm;58;system;2018-01-17 03:24:31;;2016-12-10 09:46:04;false
901;ACT;;NullamPorttitor.xpm;78;system;2017-09-22 22:43:06;;2016-08-11 13:38:58;false
902;ACT;;AmetLobortis.pot;239;system;2017-09-22 00:19:06;;2016-07-26 04:21:07;false
903;ACT;;EuFelis.ras;119;system;2017-08-06 20:10:24;;2016-09-21 19:22:58;false
904;ACT;;Velit.nap;55;system;2017-12-08 05:37:37;;2017-02-01 02:05:57;false
905;ACT;;Risus.pkg;71;system;2017-08-19 10:51:42;;2017-01-29 08:28:33;false
906;ACT;;NasceturRidiculus.wp5;24;system;2017-07-14 11:16:50;;2017-01-31 04:08:34;false
907;ACT;;QuisLectusSuspendisse.src;21;system;2017-07-02 00:46:39;;2016-08-23 15:40:39;false
908;ACT;;Aliquet.z;242;system;2017-05-06 06:32:12;;2016-07-26 12:28:19;false
909;ACT;;Eget.pbm;144;system;2017-05-28 19:59:38;;2016-05-16 20:12:31;false
910;ACT;;Proin.m1v;124;system;2017-10-27 22:13:21;;2016-10-19 14:17:37;false
911;ACT;;Quis.src;165;system;2018-02-14 04:05:14;;2016-05-11 07:20:05;false
912;ACT;;AliquetAt.sea;20;system;2017-11-20 09:29:07;;2016-10-30 12:14:29;false
913;ACT;;LeoRhoncus.xlb;207;system;2017-05-14 23:45:18;;2017-01-26 13:30:28;false
914;ACT;;PellentesqueEgetNunc.ltx;196;system;2017-10-11 21:06:38;;2017-02-09 03:59:47;false
915;ACT;;Platea.hqx;148;system;2017-12-28 13:47:31;;2017-03-22 19:48:30;false
916;ACT;;Eu.scm;108;system;2017-08-18 05:04:09;;2016-10-30 09:14:33;false
917;ACT;;ElementumPellentesqueQuisque.sea;246;system;2017-12-20 10:57:36;;2016-05-29 00:09:33;false
918;ACT;;AeneanAuctor.hdf;64;system;2017-12-28 09:56:24;;2016-06-12 04:26:52;false
919;ACT;;Et.xlv;104;system;2017-08-10 17:55:59;;2017-02-23 11:19:31;false
920;ACT;;FelisEu.shtml;158;system;2017-07-03 03:45:32;;2017-03-08 20:32:44;false
921;ACT;;Quam.hqx;114;system;2017-07-16 11:51:38;;2016-12-08 02:27:28;false
922;ACT;;Posuere.rtx;86;system;2017-10-25 01:48:06;;2016-05-24 12:07:38;false
923;ACT;;SedNisl.mid;90;system;2018-01-15 11:04:10;;2016-07-11 05:17:22;false
924;ACT;;Aliquet.fif;222;system;2018-02-15 10:48:14;;2016-12-09 14:40:10;false
925;ACT;;MolestieLorem.png;300;system;2017-12-10 05:21:21;;2016-06-18 13:09:35;false
926;ACT;;SapienArcu.rng;181;system;2017-12-10 07:54:56;;2017-02-03 22:22:02;false
927;ACT;;Turpis.svf;111;system;2017-05-22 03:40:42;;2017-02-04 18:32:19;false
928;ACT;;Platea.pkg;35;system;2017-08-25 04:06:19;;2017-03-22 22:16:40;false
929;ACT;;Elementum.map;123;system;2017-10-14 17:46:59;;2017-03-29 02:28:14;false
930;ACT;;Venenatis.dwf;155;system;2017-06-22 15:47:47;;2016-08-01 01:00:28;false
931;ACT;;ViverraPedeAc.p7c;220;system;2017-09-27 17:17:30;;2016-12-07 22:46:10;false
932;ACT;;Consequat.pps;133;system;2018-02-12 05:19:12;;2017-02-17 10:47:56;false
933;ACT;;VelEnim.qd3d;44;system;2017-09-10 06:47:16;;2016-12-28 16:13:24;false
934;ACT;;PosuereCubilia.for;175;system;2017-12-04 04:00:12;;2016-09-21 16:43:13;false
935;ACT;;SuspendissePotentiCras.nvd;34;system;2017-04-08 08:00:24;;2017-02-14 10:26:50;false
936;ACT;;EratCurabiturGravida.rgb;149;system;2017-11-30 22:58:50;;2016-10-02 12:14:09;false
937;ACT;;AcNibh.xld;139;system;2017-11-25 19:30:46;;2016-04-17 10:14:30;false
938;ACT;;Primis.p10;95;system;2017-05-28 23:14:58;;2016-11-06 15:03:40;false
939;ACT;;EuSapienCursus.aif;96;system;2018-01-14 01:57:53;;2016-09-22 10:32:33;false
940;ACT;;Felis.svr;154;system;2017-09-18 21:40:50;;2017-01-11 00:09:40;false
941;ACT;;JustoEuMassa.exe;224;system;2017-09-25 20:22:39;;2016-10-24 06:21:46;false
942;ACT;;Lacinia.wb1;172;system;2017-08-07 10:27:26;;2016-09-02 08:21:23;false
943;ACT;;OrciVehicula.dump;83;system;2017-10-16 23:23:32;;2016-05-01 22:18:17;false
944;ACT;;EuMassa.wri;83;system;2017-07-18 02:30:13;;2016-08-30 03:21:45;false
945;ACT;;Lorem.tcsh;87;system;2017-07-21 17:50:04;;2016-05-23 21:31:05;false
946;ACT;;IpsumDolorSit.asf;121;system;2017-08-11 21:28:27;;2016-05-11 20:37:18;false
947;ACT;;AcTellusSemper.mcd;205;system;2017-11-24 10:40:09;;2016-12-04 06:11:27;false
948;ACT;;Fermentum.saveme;207;system;2017-08-19 10:13:51;;2017-02-20 00:39:34;false
949;ACT;;VitaeNisi.xdr;30;system;2017-09-27 03:31:38;;2016-04-30 15:14:05;false
950;ACT;;Elit.mpt;78;system;2018-01-17 02:07:40;;2016-08-08 12:58:06;false
951;ACT;;OdioCrasMi.unis;49;system;2017-08-18 12:07:21;;2016-07-09 07:34:32;false
952;ACT;;NibhFusceLacus.tbk;19;system;2018-01-04 22:46:17;;2016-10-25 09:26:38;false
953;ACT;;Nec.png;69;system;2018-02-11 23:54:02;;2017-02-02 03:15:08;false
954;ACT;;In.snd;71;system;2017-09-02 17:51:08;;2016-06-09 15:43:45;false
955;ACT;;DonecOdioJusto.dir;212;system;2017-12-10 12:54:47;;2016-09-05 00:08:25;false
956;ACT;;EgetTempusVel.pct;215;system;2018-01-12 07:57:01;;2016-07-17 01:11:18;false
957;ACT;;LoremIpsumDolor.js;269;system;2018-01-29 16:07:28;;2016-11-20 06:08:46;false
958;ACT;;MaurisVulputateElementum.dwf;3;system;2017-10-24 16:53:19;;2016-11-18 04:44:52;false
959;ACT;;Nisi.pas;74;system;2017-11-27 16:50:31;;2016-10-15 23:43:49;false
960;ACT;;Quam.gz;221;system;2018-01-19 15:42:30;;2016-09-29 06:13:50;false
961;ACT;;Nunc.fli;281;system;2017-05-19 20:02:20;;2016-05-30 08:31:53;false
962;ACT;;ScelerisqueQuam.mbd;179;system;2017-05-09 13:57:29;;2016-05-25 08:14:42;false
963;ACT;;Lorem.jps;127;system;2017-04-19 19:50:03;;2016-12-22 02:47:47;false
964;ACT;;HacHabitasse.es;57;system;2017-08-31 22:44:45;;2016-04-10 22:16:35;false
965;ACT;;Lectus.ras;123;system;2017-09-21 13:29:30;;2016-11-22 10:32:39;false
966;ACT;;MattisEgestasMetus.mzz;36;system;2017-11-04 20:39:18;;2016-08-13 06:40:26;false
967;ACT;;PharetraMagna.dir;168;system;2018-01-30 06:47:24;;2016-05-02 11:09:45;false
968;ACT;;VariusUt.hqx;163;system;2017-09-20 09:39:12;;2016-11-14 19:29:06;false
969;ACT;;SedNislNunc.chat;237;system;2018-03-27 12:10:42;;2016-06-19 06:32:05;false
970;ACT;;SitAmetDiam.qd3d;194;system;2017-11-29 13:56:55;;2016-11-13 02:36:57;false
971;ACT;;NullaFacilisi.vcs;108;system;2017-06-18 03:11:04;;2017-03-30 18:39:54;false
972;ACT;;NonMauris.ustar;6;system;2018-03-31 17:02:32;;2017-01-26 00:07:26;false
973;ACT;;NullaSuspendisse.jfif;73;system;2017-05-29 13:40:36;;2017-02-03 01:50:40;false
974;ACT;;SitAmet.rf;23;system;2017-10-18 11:48:54;;2016-04-09 18:14:14;false
975;ACT;;EleifendDonecUt.pov;193;system;2017-11-16 04:51:10;;2016-12-06 01:29:22;false
976;ACT;;Pretium.pnm;294;system;2018-03-24 17:56:44;;2016-05-20 13:16:03;false
977;ACT;;Nunc.hh;52;system;2017-09-30 02:06:51;;2017-03-16 09:37:46;false
978;ACT;;VulputateLuctusCum.lzx;171;system;2018-03-14 06:45:35;;2016-12-15 18:50:28;false
979;ACT;;Vestibulum.midi;240;system;2017-07-01 05:53:29;;2016-05-18 10:34:01;false
980;ACT;;Sed.p12;280;system;2017-09-21 16:59:35;;2016-05-19 21:15:57;false
981;ACT;;DonecQuisOrci.js;174;system;2017-09-16 09:39:53;;2017-03-12 13:46:25;false
982;ACT;;UltricesMattisOdio.eps;189;system;2017-11-03 04:01:02;;2017-01-09 15:36:24;false
983;ACT;;Non.p12;9;system;2017-04-29 04:33:15;;2017-02-17 05:40:40;false
984;ACT;;FeugiatNonPretium.mbd;256;system;2017-04-20 20:38:37;;2016-08-09 02:05:17;false
985;ACT;;Lobortis.bin;178;system;2017-09-11 04:04:19;;2016-08-08 12:45:10;false
986;ACT;;Tempus.lha;70;system;2017-09-17 07:30:15;;2016-07-15 09:35:57;false
987;ACT;;SemPraesentId.ief;268;system;2018-01-15 12:38:14;;2016-12-21 02:38:39;false
988;ACT;;AmetCursusId.sdp;261;system;2017-05-31 00:59:14;;2016-05-19 22:23:15;false
989;ACT;;MaurisUllamcorper.es;128;system;2018-03-28 20:27:33;;2016-07-16 03:31:53;false
990;ACT;;EtiamFaucibusCursus.ice;128;system;2017-06-01 19:51:24;;2017-01-19 12:34:21;false
991;ACT;;PharetraMagnaVestibulum.wmf;289;system;2018-03-29 12:08:39;;2016-11-21 06:05:25;false
992;ACT;;PorttitorPedeJusto.wiz;43;system;2018-03-21 00:21:12;;2016-07-31 20:54:18;false
993;ACT;;SagittisDuiVel.mid;203;system;2017-04-16 23:21:17;;2017-03-02 03:09:28;false
994;ACT;;VenenatisTurpisEnim.f77;224;system;2017-06-30 13:38:08;;2016-07-15 01:13:22;false
995;ACT;;NuncVestibulumAnte.gsd;131;system;2017-09-08 16:02:29;;2016-07-13 01:44:28;false
996;ACT;;NullaSuspendissePotenti.text;263;system;2018-02-10 07:34:16;;2016-06-29 13:43:01;false
997;ACT;;Cras.iv;84;system;2018-02-06 04:38:01;;2017-02-14 21:19:36;false
998;ACT;;IdTurpisInteger.cat;86;system;2018-01-02 08:55:19;;2016-10-11 23:38:00;false
999;ACT;;OdioJusto.mrc;280;system;2017-06-23 07:23:55;;2016-05-27 16:47:57;false
1000;ACT;;PrimisInFaucibus.jpeg;246;system;2017-08-01 11:46:06;;2016-11-03 02:24:29;false
