id;name;street;street_two;city;state;zip;county;phone;fax;website;logo;logo_content_type;status;corporation_id;del_status;created_by;created_date;last_modified_by;last_modified_date
1;Shields Group;1085 Crownhardt Drive;;Memphis;TN;38181;;1-(901)315-3065;69181;jgarrett0@biblegateway.com;;;ACT;1;false;;2016-09-15 05:36:57;;2017-02-20 21:38:27
2;Ullrich Group;75 Elmside Point;;Wilmington;NC;28410;;1-(910)994-3433;24399;rthomas1@moonfruit.com;;;ACT;1;false;;2016-12-31 02:39:47;;2017-02-19 21:34:32
3;Turner, Kautzer and Wilderman;76 Paget Place;;New Hyde Park;NY;11044;;1-(516)866-5025;22439;pbarnes2@eepurl.com;;;ACT;1;false;;2016-07-02 20:16:50;;2017-01-29 22:08:51
4;Cremin, Schultz and Simonis;77 Morrow Street;;New York City;NY;10249;;1-(212)874-7483;68659;aharrison3@icq.com;;;ACT;1;false;;2016-09-26 22:31:34;;2017-01-17 02:11:29
5;Blick LLC;19018 Manitowish Place;;Birmingham;AL;35231;;1-(205)510-3990;14769;ngonzalez4@unblog.fr;;;ACT;1;false;;2016-09-20 16:53:16;;2016-10-05 13:27:46
6;Bauch, Rau and Quigley;58 Southridge Way;;York;PA;17405;;1-(717)672-3050;47965;sgarcia5@pagesperso-orange.fr;;;ACT;1;false;;2016-07-10 18:03:41;;2016-08-12 13:44:13
7;Mosciski, Monahan and Jaskolski;0 Iowa Terrace;;Decatur;GA;30089;;1-(678)215-1752;56608;bwest6@flickr.com;;;ACT;1;false;;2016-09-25 16:01:50;;2016-06-12 22:49:54
8;Deckow, Thiel and Labadie;3934 Fremont Way;;El Paso;TX;79928;;1-(915)142-8346;57274;charper7@histats.com;;;ACT;1;false;;2016-06-07 21:14:28;;2016-09-07 15:14:17
9;Boyle LLC;27491 Golf View Avenue;;Austin;TX;78710;;1-(512)474-5912;74206;bwright8@miitbeian.gov.cn;;;ACT;1;false;;2016-04-22 21:20:34;;2016-06-13 14:48:04
10;Wyman-Muller;259 Marquette Drive;;Santa Barbara;CA;93106;;1-(805)313-3286;11974;dkennedy9@usgs.gov;;;ACT;1;false;;2017-02-11 08:46:06;;2016-05-06 21:52:52
