id;notes;group_session_details_id;chart_id;del_status;created_by;created_date;last_modified_by;last_modified_date
1;convallis eget eleifend luctus ultricies;68;30;false;system;2017-08-01 03:15:25;;2016-05-29 06:59:36
2;quis augue luctus tincidunt nulla mollis molestie lorem;120;90;false;system;2017-01-22 00:02:16;;2016-04-17 16:52:01
3;nec sem duis aliquam convallis nunc proin at turpis a;158;60;false;system;2017-06-14 21:49:48;;2016-03-18 11:07:33
4;aliquet massa id lobortis convallis tortor risus dapibus augue vel;145;94;false;system;2017-05-13 21:05:03;;2016-08-05 02:25:57
5;vitae nisl aenean lectus pellentesque eget nunc donec quis;33;85;false;system;2017-04-28 07:26:01;;2016-05-24 22:18:31
6;vestibulum sed magna at nunc commodo placerat;123;15;false;system;2017-06-03 08:58:55;;2016-02-25 17:36:24
7;vestibulum rutrum rutrum neque aenean auctor gravida sem praesent id massa id;61;13;false;system;2017-10-30 14:53:02;;2016-04-12 03:23:45
8;consequat morbi a ipsum integer a nibh;189;44;false;system;2017-11-16 14:25:58;;2016-01-18 11:00:47
9;hac habitasse platea dictumst etiam faucibus cursus urna ut tellus;194;4;false;system;2017-02-09 20:39:14;;2016-06-17 06:11:03
10;nisl venenatis lacinia aenean sit amet justo morbi ut odio cras mi;65;87;false;system;2017-11-18 01:23:48;;2016-09-28 08:34:42
11;ullamcorper purus sit amet nulla quisque arcu libero rutrum ac lobortis;94;50;false;system;2017-12-27 05:55:27;;2016-12-10 02:38:51
12;quam pede lobortis ligula sit amet;100;34;false;system;2017-12-07 12:53:58;;2016-04-29 11:04:28
13;sit amet nulla quisque arcu libero;198;75;false;system;2017-10-11 14:31:31;;2016-09-13 17:58:46
14;elementum in hac habitasse platea dictumst morbi vestibulum velit id;43;7;false;system;2017-08-14 11:01:07;;2016-03-10 12:08:35
15;a ipsum integer a nibh in quis justo maecenas rhoncus aliquam lacus morbi quis tortor;72;60;false;system;2017-05-12 19:15:21;;2016-10-16 22:33:09
16;id luctus nec molestie sed justo pellentesque viverra pede ac diam cras;15;37;false;system;2017-11-29 09:06:32;;2016-06-05 20:21:16
17;et eros vestibulum ac est lacinia nisi venenatis;200;91;false;system;2017-12-03 14:03:45;;2016-11-01 12:48:00
18;elementum ligula vehicula consequat morbi a ipsum integer;197;54;false;system;2017-12-17 20:03:04;;2016-05-06 11:11:32
19;quis libero nullam sit amet turpis elementum ligula vehicula;80;43;false;system;2017-11-07 20:19:02;;2016-10-27 02:54:20
20;morbi non quam nec dui luctus rutrum nulla tellus in sagittis dui vel nisl duis;123;23;false;system;2017-07-07 00:07:37;;2016-05-01 13:34:53
21;lacinia aenean sit amet justo morbi ut odio cras mi;105;51;false;system;2017-11-08 14:23:40;;2016-04-22 00:50:25
22;dolor morbi vel lectus in quam fringilla rhoncus mauris enim leo;124;14;false;system;2017-01-22 17:55:04;;2016-12-04 08:24:40
23;faucibus orci luctus et ultrices posuere cubilia;155;54;false;system;2017-02-17 04:26:36;;2016-08-13 02:39:11
24;etiam vel augue vestibulum rutrum rutrum neque aenean auctor gravida sem praesent id massa id;28;97;false;system;2017-07-21 03:28:08;;2016-01-24 23:54:44
25;et tempus semper est quam pharetra magna ac consequat;181;77;false;system;2017-05-20 10:53:37;;2016-11-25 12:31:18
26;bibendum imperdiet nullam orci pede venenatis non sodales sed tincidunt eu felis;114;82;false;system;2018-01-06 12:06:03;;2016-06-18 02:05:40
27;molestie sed justo pellentesque viverra pede ac diam cras pellentesque volutpat;54;71;false;system;2017-09-04 05:56:00;;2016-06-03 20:35:11
28;nulla ut erat id mauris;124;65;false;system;2017-08-11 00:27:40;;2016-06-22 00:26:24
29;magna vulputate luctus cum sociis natoque;108;29;false;system;2017-07-19 13:21:19;;2016-08-21 10:19:16
30;nisl nunc nisl duis bibendum felis sed interdum venenatis turpis enim;13;46;false;system;2018-01-04 01:53:51;;2016-01-23 19:25:33
31;massa id nisl venenatis lacinia aenean sit amet justo;150;16;false;system;2017-02-23 23:58:42;;2016-12-21 05:47:07
32;eu nibh quisque id justo sit amet sapien dignissim vestibulum vestibulum ante ipsum;72;56;false;system;2017-01-23 18:45:47;;2016-10-07 19:50:45
33;leo pellentesque ultrices mattis odio donec vitae;56;49;false;system;2017-12-22 01:46:23;;2016-12-01 19:40:59
34;sapien placerat ante nulla justo aliquam quis turpis;158;61;false;system;2017-06-27 11:05:23;;2016-08-20 21:27:24
35;a feugiat et eros vestibulum ac est lacinia nisi venenatis tristique fusce congue;169;84;false;system;2017-08-06 04:48:27;;2016-12-24 02:14:58
36;accumsan tortor quis turpis sed ante vivamus;173;40;false;system;2017-10-09 14:31:38;;2016-09-04 08:52:54
37;lobortis sapien sapien non mi integer ac neque;71;70;false;system;2018-01-05 13:18:07;;2016-05-18 09:48:32
38;eu orci mauris lacinia sapien quis libero;130;12;false;system;2017-07-31 03:10:17;;2017-01-07 21:52:21
39;ac nibh fusce lacus purus aliquet at feugiat non pretium quis lectus suspendisse potenti;125;23;false;system;2017-03-31 17:24:23;;2016-10-11 02:44:37
40;erat nulla tempus vivamus in felis eu sapien cursus vestibulum proin eu mi nulla;150;16;false;system;2017-12-13 21:40:30;;2016-03-28 00:29:11
41;ornare consequat lectus in est risus auctor sed tristique in tempus sit amet;123;17;false;system;2017-02-21 02:54:10;;2016-01-24 07:35:06
42;nulla sed accumsan felis ut at dolor quis odio consequat;119;57;false;system;2017-02-25 16:50:21;;2016-07-09 06:45:48
43;elit proin risus praesent lectus vestibulum quam sapien varius;195;62;false;system;2017-02-08 01:44:17;;2016-02-06 19:20:00
44;nulla ac enim in tempor turpis nec euismod scelerisque;150;99;false;system;2017-02-16 05:59:22;;2016-01-15 18:28:32
45;gravida sem praesent id massa id nisl venenatis lacinia aenean sit amet;106;29;false;system;2017-08-16 05:25:52;;2016-12-08 14:52:46
46;sit amet lobortis sapien sapien non mi integer ac neque duis bibendum morbi non quam;126;61;false;system;2017-10-09 03:06:22;;2016-08-17 19:24:50
47;dictumst etiam faucibus cursus urna ut tellus nulla;187;83;false;system;2017-07-18 15:09:34;;2016-09-29 16:43:32
48;magna vestibulum aliquet ultrices erat tortor sollicitudin mi sit amet lobortis;131;86;false;system;2017-04-12 12:12:26;;2016-06-21 00:37:05
49;proin interdum mauris non ligula pellentesque ultrices phasellus id sapien in sapien iaculis congue;128;28;false;system;2017-12-19 01:02:45;;2016-08-28 14:31:29
50;ipsum primis in faucibus orci luctus et ultrices;8;86;false;system;2017-05-18 19:37:52;;2016-07-23 18:03:06
51;sit amet consectetuer adipiscing elit proin interdum;65;58;false;system;2017-08-03 18:17:04;;2016-12-02 06:47:21
52;aliquam non mauris morbi non lectus aliquam sit amet diam in magna;97;57;false;system;2017-12-22 18:02:29;;2016-09-08 07:10:27
53;volutpat eleifend donec ut dolor morbi vel lectus in quam fringilla rhoncus mauris enim leo;116;12;false;system;2017-07-25 12:36:44;;2016-10-18 02:35:47
54;in lacus curabitur at ipsum ac tellus semper interdum mauris ullamcorper purus sit amet nulla;56;54;false;system;2017-12-07 11:15:18;;2016-08-28 04:52:05
55;tincidunt lacus at velit vivamus vel nulla eget eros elementum pellentesque quisque porta volutpat erat;20;88;false;system;2017-03-22 18:26:44;;2016-03-05 14:59:42
56;mauris sit amet eros suspendisse accumsan tortor quis turpis sed ante;188;86;false;system;2017-06-19 08:10:45;;2016-10-29 01:33:29
57;ac lobortis vel dapibus at diam nam;178;12;false;system;2017-12-20 10:39:58;;2016-10-20 21:14:35
58;mauris viverra diam vitae quam suspendisse potenti;83;99;false;system;2017-11-11 02:28:10;;2016-08-24 13:59:23
59;sem praesent id massa id nisl venenatis lacinia aenean sit amet justo morbi ut odio;195;6;false;system;2017-06-02 05:46:31;;2016-03-27 21:21:59
60;ante ipsum primis in faucibus orci luctus et ultrices posuere cubilia curae;192;77;false;system;2017-01-29 07:36:08;;2016-01-30 14:46:10
61;mauris non ligula pellentesque ultrices phasellus id sapien in sapien iaculis congue vivamus metus;104;22;false;system;2017-10-27 02:34:57;;2016-04-03 02:16:03
62;luctus et ultrices posuere cubilia curae donec pharetra magna vestibulum;141;15;false;system;2017-10-18 01:32:37;;2016-06-06 09:01:54
63;maecenas tincidunt lacus at velit vivamus vel;62;30;false;system;2017-04-26 03:35:20;;2016-10-06 06:55:09
64;justo lacinia eget tincidunt eget tempus;4;24;false;system;2017-07-04 03:13:43;;2016-07-31 11:42:40
65;nulla suspendisse potenti cras in;192;61;false;system;2017-10-05 12:26:57;;2016-11-30 09:59:51
66;platea dictumst aliquam augue quam sollicitudin vitae consectetuer eget rutrum at lorem integer;180;3;false;system;2017-09-22 17:09:28;;2016-08-22 01:52:55
67;iaculis justo in hac habitasse platea dictumst;130;59;false;system;2017-11-21 19:51:16;;2016-12-11 18:29:05
68;consequat ut nulla sed accumsan felis ut at;145;56;false;system;2017-06-06 16:13:35;;2016-08-28 07:52:30
69;vel lectus in quam fringilla rhoncus mauris enim leo rhoncus sed vestibulum sit amet cursus;107;95;false;system;2017-02-28 10:35:50;;2016-05-09 02:36:43
70;ac est lacinia nisi venenatis tristique fusce congue diam id ornare;150;68;false;system;2017-11-04 04:30:21;;2016-10-27 20:11:45
71;tincidunt eu felis fusce posuere felis sed lacus morbi sem mauris laoreet ut rhoncus;55;17;false;system;2017-08-04 15:36:38;;2016-11-11 06:14:56
72;nullam sit amet turpis elementum ligula vehicula consequat morbi a ipsum integer a nibh in;148;55;false;system;2017-03-22 06:23:28;;2016-08-31 08:21:46
73;at feugiat non pretium quis lectus suspendisse potenti in eleifend quam a odio in hac;92;60;false;system;2017-04-07 16:38:47;;2016-09-28 19:08:34
74;tincidunt nulla mollis molestie lorem quisque;124;74;false;system;2017-07-22 14:33:57;;2016-11-21 19:42:57
75;odio curabitur convallis duis consequat dui nec;173;54;false;system;2017-10-06 20:14:39;;2016-06-27 05:08:37
76;ante ipsum primis in faucibus orci luctus et ultrices posuere cubilia curae duis faucibus;110;45;false;system;2017-08-28 16:24:32;;2016-10-16 00:39:43
77;quis tortor id nulla ultrices aliquet maecenas;12;94;false;system;2017-10-16 13:18:04;;2016-08-07 13:56:27
78;accumsan tellus nisi eu orci mauris lacinia sapien quis libero;29;95;false;system;2017-08-09 18:12:35;;2016-03-17 09:49:26
79;eu sapien cursus vestibulum proin eu mi nulla ac enim in tempor turpis;105;8;false;system;2017-06-25 23:58:20;;2016-07-05 16:22:43
80;eget elit sodales scelerisque mauris sit amet eros suspendisse;77;99;false;system;2017-02-19 21:30:44;;2016-04-27 16:27:53
81;in magna bibendum imperdiet nullam orci pede venenatis non sodales;65;75;false;system;2018-01-07 16:43:36;;2016-05-11 15:25:04
82;quis justo maecenas rhoncus aliquam lacus morbi quis tortor id nulla;74;40;false;system;2017-08-08 20:53:12;;2016-04-28 00:15:59
83;hac habitasse platea dictumst etiam;93;29;false;system;2017-07-16 05:11:06;;2016-11-27 09:19:40
84;dignissim vestibulum vestibulum ante ipsum primis in faucibus orci luctus et ultrices posuere cubilia;22;5;false;system;2017-01-26 08:09:06;;2016-04-10 15:21:11
85;faucibus orci luctus et ultrices posuere cubilia curae nulla dapibus dolor vel est;49;44;false;system;2017-07-14 22:42:07;;2016-06-26 02:54:37
86;amet sem fusce consequat nulla nisl nunc nisl duis bibendum felis sed interdum venenatis;42;82;false;system;2017-09-17 19:43:08;;2016-10-10 09:11:41
87;erat vestibulum sed magna at nunc;37;100;false;system;2017-10-19 17:11:28;;2016-10-20 13:01:33
88;ante ipsum primis in faucibus orci luctus;176;74;false;system;2017-09-11 04:09:00;;2016-11-18 18:27:28
89;elit proin risus praesent lectus vestibulum quam sapien varius ut blandit non;100;8;false;system;2017-08-08 04:18:15;;2016-10-05 15:41:41
90;mattis odio donec vitae nisi nam ultrices libero non mattis pulvinar nulla;164;74;false;system;2017-03-08 06:13:34;;2016-02-24 12:18:18
91;quam suspendisse potenti nullam porttitor lacus at turpis donec posuere metus vitae ipsum;147;63;false;system;2018-01-11 19:54:12;;2016-04-28 08:58:54
92;cum sociis natoque penatibus et magnis dis parturient montes nascetur ridiculus mus vivamus;10;26;false;system;2017-06-07 00:00:53;;2016-07-09 11:35:13
93;nisi nam ultrices libero non mattis pulvinar nulla pede ullamcorper augue a suscipit;168;34;false;system;2017-03-16 09:50:06;;2016-04-28 22:42:15
94;consequat ut nulla sed accumsan felis ut at dolor quis;67;85;false;system;2017-03-12 10:37:41;;2016-10-29 11:04:40
95;platea dictumst morbi vestibulum velit id pretium iaculis diam erat;50;99;false;system;2017-09-19 01:18:12;;2016-04-11 01:03:49
96;iaculis congue vivamus metus arcu adipiscing molestie hendrerit at vulputate vitae;55;6;false;system;2017-03-13 23:40:23;;2016-08-23 16:14:29
97;nulla integer pede justo lacinia eget tincidunt eget;135;54;false;system;2017-07-23 20:50:21;;2016-08-03 07:55:32
98;tincidunt eget tempus vel pede morbi porttitor lorem id ligula suspendisse ornare consequat;51;67;false;system;2017-08-15 01:24:33;;2016-02-04 07:43:26
99;urna pretium nisl ut volutpat sapien arcu sed augue aliquam erat volutpat;17;74;false;system;2017-07-04 23:04:03;;2017-01-03 20:32:32
100;etiam pretium iaculis justo in hac habitasse platea dictumst etiam faucibus;200;99;false;system;2017-09-04 13:13:14;;2016-03-02 09:04:53
101;duis consequat dui nec nisi;108;3;false;system;2017-08-10 21:41:20;;2016-04-03 17:24:33
102;sem duis aliquam convallis nunc;155;30;false;system;2017-10-19 04:52:34;;2016-02-06 14:47:55
103;massa volutpat convallis morbi odio;108;46;false;system;2017-10-16 01:37:31;;2016-09-01 20:51:17
104;accumsan felis ut at dolor quis odio consequat varius integer ac leo pellentesque;144;29;false;system;2017-12-24 18:21:18;;2016-11-07 04:32:24
105;sollicitudin mi sit amet lobortis sapien sapien non mi integer ac neque;25;27;false;system;2017-11-04 12:17:28;;2016-03-12 00:36:10
106;consequat ut nulla sed accumsan;190;91;false;system;2018-01-12 03:42:35;;2016-05-22 22:55:56
107;magnis dis parturient montes nascetur ridiculus mus vivamus vestibulum sagittis sapien cum;98;68;false;system;2017-05-14 20:17:51;;2016-10-02 21:27:53
108;ligula pellentesque ultrices phasellus id sapien in sapien;163;11;false;system;2017-09-16 11:47:23;;2017-01-01 13:45:51
109;nisl duis bibendum felis sed interdum venenatis turpis enim;34;30;false;system;2017-07-12 20:43:06;;2016-02-29 02:22:09
110;proin risus praesent lectus vestibulum;76;37;false;system;2017-08-14 12:21:45;;2016-08-15 21:16:24
111;rutrum nulla nunc purus phasellus in;54;51;false;system;2017-08-02 22:14:30;;2016-03-10 18:55:28
112;velit nec nisi vulputate nonummy maecenas tincidunt;125;26;false;system;2017-08-26 13:43:41;;2016-07-30 20:07:15
113;dolor quis odio consequat varius;39;95;false;system;2017-07-28 11:21:27;;2016-05-10 18:57:25
114;nunc commodo placerat praesent blandit nam nulla integer pede justo;152;53;false;system;2017-05-09 17:43:29;;2016-09-21 01:28:17
115;lorem integer tincidunt ante vel ipsum praesent blandit lacinia;200;70;false;system;2017-12-03 07:08:30;;2016-07-26 12:38:41
116;massa tempor convallis nulla neque libero convallis eget eleifend luctus ultricies eu nibh quisque;137;100;false;system;2017-06-18 14:27:04;;2016-05-20 15:46:45
117;turpis nec euismod scelerisque quam turpis;131;58;false;system;2017-09-12 23:15:32;;2016-04-29 02:25:55
118;convallis nunc proin at turpis a pede posuere nonummy integer non;187;46;false;system;2017-05-30 11:14:14;;2016-07-23 19:33:31
119;nonummy maecenas tincidunt lacus at velit vivamus vel nulla eget;81;92;false;system;2017-03-08 19:34:09;;2016-03-03 22:45:49
120;varius nulla facilisi cras non velit nec nisi vulputate nonummy maecenas tincidunt;42;78;false;system;2017-06-22 03:21:09;;2016-11-22 15:56:21
121;neque sapien placerat ante nulla justo aliquam;32;24;false;system;2017-06-22 17:29:31;;2016-01-30 06:32:43
122;ante ipsum primis in faucibus orci luctus;147;82;false;system;2017-11-09 05:45:52;;2016-02-24 11:19:46
123;ornare imperdiet sapien urna pretium nisl ut volutpat sapien arcu sed;49;64;false;system;2017-07-06 01:52:54;;2016-09-06 22:58:41
124;neque libero convallis eget eleifend luctus ultricies eu nibh quisque id justo sit;179;58;false;system;2017-11-06 12:16:19;;2016-01-24 13:33:37
125;ultrices phasellus id sapien in sapien;160;6;false;system;2017-02-12 12:00:09;;2016-02-29 07:15:08
126;pede libero quis orci nullam molestie nibh in lectus pellentesque at;49;60;false;system;2017-06-12 21:08:27;;2016-09-20 00:16:57
127;nisl nunc nisl duis bibendum felis sed interdum venenatis turpis enim blandit;14;96;false;system;2017-11-06 22:10:13;;2016-03-23 06:22:57
128;posuere cubilia curae mauris viverra diam vitae quam suspendisse potenti nullam;18;24;false;system;2017-07-13 19:52:57;;2016-11-21 11:49:47
129;luctus rutrum nulla tellus in sagittis dui vel;123;47;false;system;2017-12-30 19:58:41;;2016-09-19 21:22:23
130;mus vivamus vestibulum sagittis sapien cum sociis natoque penatibus et magnis dis parturient montes;6;80;false;system;2017-03-04 17:57:19;;2016-01-19 19:55:40
131;neque duis bibendum morbi non quam nec dui luctus rutrum nulla;23;71;false;system;2017-09-12 20:26:31;;2016-01-22 05:39:30
132;nec euismod scelerisque quam turpis adipiscing lorem vitae mattis;114;50;false;system;2017-05-04 14:19:14;;2016-05-13 09:40:09
133;est risus auctor sed tristique in tempus sit amet sem fusce consequat nulla nisl nunc;5;67;false;system;2017-12-15 23:30:09;;2016-05-22 15:54:39
134;bibendum morbi non quam nec dui luctus rutrum nulla tellus in;179;62;false;system;2017-02-27 23:30:15;;2016-07-17 01:09:31
135;ac consequat metus sapien ut nunc vestibulum ante;156;27;false;system;2017-02-25 20:40:41;;2016-01-14 08:59:53
136;sagittis sapien cum sociis natoque penatibus et magnis dis parturient montes nascetur ridiculus;101;44;false;system;2017-09-23 18:18:56;;2016-06-20 14:45:59
137;libero non mattis pulvinar nulla pede ullamcorper augue a suscipit nulla elit ac nulla;142;87;false;system;2017-04-02 10:34:33;;2016-08-29 17:14:34
138;volutpat in congue etiam justo etiam pretium iaculis justo in hac habitasse platea dictumst;73;15;false;system;2017-03-22 15:26:44;;2016-08-02 23:55:12
139;sodales sed tincidunt eu felis fusce;63;16;false;system;2017-09-13 18:38:19;;2016-11-26 10:24:27
140;porttitor lorem id ligula suspendisse ornare consequat;161;67;false;system;2017-12-23 12:49:24;;2016-09-03 03:10:00
141;viverra diam vitae quam suspendisse potenti;186;76;false;system;2017-09-29 14:57:43;;2016-08-26 10:06:25
142;vestibulum aliquet ultrices erat tortor sollicitudin mi;82;28;false;system;2018-01-06 07:05:26;;2016-08-24 15:50:47
143;tempus sit amet sem fusce consequat nulla nisl nunc nisl;61;33;false;system;2017-09-27 23:12:56;;2016-06-15 00:49:53
144;sollicitudin vitae consectetuer eget rutrum at lorem;89;45;false;system;2017-07-23 21:37:54;;2016-02-22 07:20:38
145;pretium quis lectus suspendisse potenti;130;45;false;system;2017-04-21 05:36:19;;2016-08-20 01:24:38
146;sapien urna pretium nisl ut;36;86;false;system;2017-11-05 06:43:45;;2016-08-07 16:24:21
147;pede lobortis ligula sit amet eleifend pede;148;43;false;system;2017-11-16 20:16:55;;2016-03-19 05:01:49
148;est phasellus sit amet erat nulla;43;7;false;system;2017-10-26 15:06:36;;2016-09-28 04:41:55
149;sed tristique in tempus sit amet sem;9;35;false;system;2017-05-29 03:38:05;;2016-01-19 21:25:15
150;sagittis nam congue risus semper;192;86;false;system;2017-12-09 19:08:08;;2016-05-04 21:00:01
151;semper rutrum nulla nunc purus phasellus in felis donec semper sapien a libero nam dui;51;91;false;system;2017-05-30 12:48:30;;2016-09-23 22:26:01
152;pellentesque at nulla suspendisse potenti cras in purus;187;95;false;system;2017-04-26 10:12:15;;2016-06-04 08:59:29
153;duis consequat dui nec nisi volutpat eleifend donec ut dolor morbi vel lectus in quam;24;91;false;system;2017-04-17 20:11:57;;2016-03-12 18:44:58
154;amet sapien dignissim vestibulum vestibulum;5;59;false;system;2018-01-04 00:48:17;;2017-01-02 17:27:36
155;massa id lobortis convallis tortor;116;63;false;system;2018-01-03 22:09:59;;2016-12-22 00:20:22
156;dictumst morbi vestibulum velit id pretium iaculis diam;104;65;false;system;2017-03-15 13:50:43;;2016-06-29 09:56:03
157;at turpis donec posuere metus vitae ipsum;44;70;false;system;2017-05-19 15:14:47;;2017-01-03 20:14:15
158;nibh in hac habitasse platea dictumst aliquam augue quam;143;70;false;system;2017-04-12 22:37:42;;2016-01-18 10:58:22
159;bibendum felis sed interdum venenatis turpis enim blandit mi in porttitor pede justo;39;18;false;system;2017-10-09 09:15:30;;2016-11-05 15:31:47
160;pellentesque at nulla suspendisse potenti cras in purus eu magna vulputate luctus cum sociis;147;20;false;system;2017-08-23 00:35:41;;2016-08-11 23:39:54
161;vestibulum sagittis sapien cum sociis natoque penatibus et;19;12;false;system;2017-05-03 22:24:50;;2016-09-29 17:43:50
162;libero convallis eget eleifend luctus ultricies eu nibh quisque id justo;99;85;false;system;2017-12-05 15:54:32;;2016-09-02 17:53:59
163;quam pede lobortis ligula sit amet eleifend pede libero;176;47;false;system;2017-06-18 11:53:59;;2016-07-18 02:42:16
164;vitae nisl aenean lectus pellentesque eget nunc donec;172;59;false;system;2017-04-19 02:26:02;;2016-02-11 12:08:50
165;libero ut massa volutpat convallis morbi odio;126;43;false;system;2017-02-12 05:18:15;;2016-09-27 19:36:06
166;rutrum nulla nunc purus phasellus in felis donec semper sapien a libero nam dui proin;143;85;false;system;2017-04-15 22:19:31;;2016-05-01 01:21:04
167;odio justo sollicitudin ut suscipit a feugiat et eros vestibulum;30;67;false;system;2017-08-09 03:45:52;;2016-05-27 19:58:35
168;ipsum primis in faucibus orci luctus et ultrices posuere cubilia curae mauris viverra;112;58;false;system;2017-09-13 02:12:46;;2016-03-14 08:55:28
169;mattis egestas metus aenean fermentum donec ut mauris eget massa tempor;55;66;false;system;2017-04-02 10:04:48;;2016-09-23 12:08:10
170;pede posuere nonummy integer non velit donec diam neque vestibulum;160;27;false;system;2017-05-04 11:29:16;;2016-08-05 15:20:57
171;nec molestie sed justo pellentesque viverra pede ac diam;183;61;false;system;2017-04-21 08:11:26;;2016-08-05 22:27:56
172;vel nulla eget eros elementum pellentesque;183;79;false;system;2017-07-18 22:47:17;;2016-09-28 04:31:07
173;turpis sed ante vivamus tortor duis mattis egestas metus aenean fermentum;162;13;false;system;2017-04-25 06:19:26;;2016-02-19 01:03:30
174;erat quisque erat eros viverra eget congue eget semper rutrum nulla nunc purus phasellus;102;80;false;system;2017-04-14 00:20:01;;2016-12-23 05:37:07
175;ultrices posuere cubilia curae mauris viverra diam vitae quam;55;36;false;system;2017-04-13 20:56:46;;2016-03-16 19:16:53
176;velit donec diam neque vestibulum eget vulputate ut ultrices vel;95;100;false;system;2017-08-30 19:14:43;;2016-03-13 20:59:28
177;bibendum morbi non quam nec;90;64;false;system;2017-05-18 03:07:45;;2016-05-13 04:14:01
178;condimentum curabitur in libero ut massa volutpat convallis morbi odio odio elementum eu interdum;144;59;false;system;2017-03-30 21:36:45;;2016-12-17 23:58:28
179;hac habitasse platea dictumst maecenas ut massa quis augue luctus;54;93;false;system;2017-04-22 18:37:04;;2016-10-08 00:01:08
180;arcu libero rutrum ac lobortis vel dapibus at diam;29;78;false;system;2017-06-19 05:06:55;;2016-10-18 05:30:53
181;rutrum neque aenean auctor gravida sem praesent id massa id nisl venenatis lacinia aenean;104;48;false;system;2017-12-16 11:52:00;;2016-09-16 16:39:44
182;luctus et ultrices posuere cubilia curae donec pharetra magna;193;78;false;system;2017-11-14 09:37:37;;2016-08-14 21:16:06
183;hac habitasse platea dictumst maecenas ut massa quis augue luctus tincidunt;147;73;false;system;2017-03-29 01:51:22;;2017-01-05 14:38:55
184;vestibulum ante ipsum primis in faucibus orci luctus et ultrices posuere cubilia curae duis;153;64;false;system;2017-09-18 23:14:41;;2016-06-16 05:41:34
185;cursus vestibulum proin eu mi nulla ac enim in tempor turpis nec euismod;83;34;false;system;2017-12-03 21:45:35;;2016-05-24 19:16:43
186;ut tellus nulla ut erat id mauris vulputate;78;67;false;system;2017-03-04 11:30:09;;2016-07-06 00:37:33
187;platea dictumst morbi vestibulum velit id pretium iaculis diam erat fermentum;40;8;false;system;2017-10-14 17:23:33;;2016-04-11 21:26:56
188;massa id nisl venenatis lacinia aenean sit;160;65;false;system;2017-11-18 03:19:30;;2016-10-16 23:43:55
189;feugiat non pretium quis lectus suspendisse potenti in eleifend quam a odio;124;42;false;system;2017-05-16 10:35:50;;2016-10-29 20:18:09
190;arcu adipiscing molestie hendrerit at vulputate vitae;43;40;false;system;2017-02-08 14:58:36;;2016-11-08 21:57:51
191;luctus et ultrices posuere cubilia curae donec pharetra;139;35;false;system;2017-05-08 22:19:43;;2016-02-15 15:56:17
192;amet cursus id turpis integer aliquet massa id lobortis convallis tortor risus dapibus augue;48;29;false;system;2017-10-01 15:39:33;;2016-04-12 08:46:35
193;rhoncus mauris enim leo rhoncus sed;91;11;false;system;2017-05-04 12:31:10;;2016-09-23 00:25:23
194;eu massa donec dapibus duis at velit eu est congue elementum in;95;70;false;system;2017-06-05 07:24:30;;2016-12-05 04:20:14
195;at turpis donec posuere metus vitae ipsum aliquam non;102;65;false;system;2017-11-28 15:42:55;;2016-07-13 19:53:32
196;ipsum primis in faucibus orci luctus et ultrices;30;16;false;system;2017-02-13 03:08:50;;2016-02-07 01:05:51
197;sit amet consectetuer adipiscing elit proin risus praesent lectus vestibulum quam;85;87;false;system;2017-03-04 14:00:58;;2016-07-21 04:34:55
198;etiam faucibus cursus urna ut tellus nulla ut erat id mauris vulputate elementum;187;42;false;system;2017-09-13 10:24:13;;2016-02-02 10:40:07
199;vestibulum quam sapien varius ut blandit non interdum in ante;164;15;false;system;2017-10-15 11:04:29;;2016-10-16 09:27:07
200;lorem ipsum dolor sit amet consectetuer adipiscing elit proin risus praesent lectus vestibulum quam;185;100;false;system;2017-11-04 01:16:06;;2016-04-11 07:58:18
201;purus aliquet at feugiat non pretium quis lectus suspendisse potenti;130;22;false;system;2017-12-12 05:59:54;;2016-07-23 00:37:21
202;donec ut mauris eget massa tempor convallis nulla neque libero convallis;34;96;false;system;2017-01-14 07:00:02;;2016-03-23 00:11:44
203;lectus in quam fringilla rhoncus;53;26;false;system;2017-10-26 19:25:16;;2016-04-06 00:13:20
204;dis parturient montes nascetur ridiculus mus vivamus;90;75;false;system;2017-07-25 04:07:22;;2016-09-05 19:21:13
205;etiam pretium iaculis justo in hac habitasse platea dictumst etiam faucibus;55;54;false;system;2017-03-04 08:43:00;;2016-05-27 03:08:14
206;felis sed lacus morbi sem mauris laoreet ut rhoncus aliquet pulvinar sed nisl nunc;37;22;false;system;2017-07-28 21:49:04;;2016-10-31 20:58:01
207;amet erat nulla tempus vivamus in felis;75;52;false;system;2017-05-26 22:09:56;;2016-09-12 07:51:35
208;rutrum nulla tellus in sagittis;26;77;false;system;2017-03-12 07:58:29;;2016-07-21 09:27:12
209;odio donec vitae nisi nam ultrices;151;12;false;system;2017-08-28 19:58:18;;2016-11-26 19:11:20
210;ullamcorper purus sit amet nulla quisque arcu libero rutrum ac lobortis vel dapibus;51;25;false;system;2017-09-01 23:55:56;;2016-04-13 13:33:42
211;libero nam dui proin leo odio porttitor id consequat in consequat ut;76;9;false;system;2017-01-18 14:03:21;;2016-01-14 15:53:29
212;sapien a libero nam dui proin leo odio porttitor id consequat in consequat ut nulla;190;15;false;system;2017-04-18 19:18:22;;2016-11-14 05:39:01
213;sapien cum sociis natoque penatibus et magnis dis parturient montes nascetur ridiculus mus etiam vel;136;15;false;system;2017-11-11 14:56:48;;2016-03-01 16:19:01
214;non quam nec dui luctus rutrum nulla tellus in sagittis;169;61;false;system;2017-09-25 06:03:07;;2016-12-03 01:52:51
215;a libero nam dui proin leo odio porttitor id consequat in consequat ut;88;94;false;system;2017-01-31 08:41:00;;2016-01-26 06:14:29
216;ullamcorper augue a suscipit nulla elit ac nulla sed;88;34;false;system;2017-11-30 10:57:47;;2016-11-15 11:35:13
217;lacinia eget tincidunt eget tempus;35;18;false;system;2017-12-08 12:54:50;;2016-03-06 02:14:07
218;condimentum curabitur in libero ut massa volutpat convallis morbi odio odio;13;54;false;system;2017-09-04 12:14:02;;2016-03-25 06:08:37
219;dui maecenas tristique est et tempus semper est;107;16;false;system;2017-07-18 06:58:38;;2016-11-02 18:42:30
220;at vulputate vitae nisl aenean lectus pellentesque eget nunc donec quis;109;39;false;system;2017-05-07 05:14:05;;2016-05-20 12:13:57
221;eget orci vehicula condimentum curabitur;117;39;false;system;2017-09-11 02:43:38;;2016-12-13 20:52:07
222;dolor sit amet consectetuer adipiscing;14;14;false;system;2017-03-04 07:17:29;;2016-05-18 21:30:14
223;eget orci vehicula condimentum curabitur in libero ut massa volutpat convallis morbi;151;21;false;system;2017-09-09 07:51:31;;2016-01-31 04:10:48
224;id massa id nisl venenatis lacinia aenean sit amet justo morbi ut odio cras mi;75;51;false;system;2017-12-23 22:30:12;;2016-08-22 06:45:23
225;elementum ligula vehicula consequat morbi a ipsum integer a nibh in quis justo maecenas rhoncus;23;35;false;system;2017-12-27 20:44:53;;2016-08-25 07:20:53
226;venenatis non sodales sed tincidunt eu felis fusce posuere felis sed lacus morbi;79;88;false;system;2017-03-13 05:27:12;;2016-03-30 08:43:47
227;nunc proin at turpis a pede;50;48;false;system;2017-10-28 17:23:57;;2016-09-16 19:36:24
228;ac est lacinia nisi venenatis tristique fusce;119;9;false;system;2017-11-16 22:26:40;;2016-10-03 06:56:01
229;lorem ipsum dolor sit amet consectetuer adipiscing;13;81;false;system;2017-10-19 06:59:23;;2016-05-03 12:38:21
230;posuere cubilia curae mauris viverra diam vitae quam suspendisse potenti nullam porttitor lacus;138;55;false;system;2017-01-25 16:25:35;;2016-11-21 22:43:39
231;id pretium iaculis diam erat;160;73;false;system;2017-06-26 15:44:41;;2016-06-06 17:01:46
232;in faucibus orci luctus et ultrices posuere;113;38;false;system;2017-12-10 03:19:15;;2016-03-16 22:15:24
233;ipsum primis in faucibus orci luctus et ultrices posuere cubilia curae mauris;86;20;false;system;2017-06-09 12:54:59;;2016-12-08 06:52:30
234;nulla tempus vivamus in felis eu sapien cursus;69;60;false;system;2017-03-05 07:01:39;;2016-08-29 18:18:55
235;dapibus augue vel accumsan tellus;176;67;false;system;2017-06-15 21:14:37;;2016-10-05 15:28:46
236;imperdiet nullam orci pede venenatis non;12;24;false;system;2017-09-12 17:10:58;;2016-11-17 07:30:16
237;natoque penatibus et magnis dis parturient montes nascetur ridiculus mus etiam vel augue;148;8;false;system;2017-09-30 17:25:36;;2016-08-17 04:15:55
238;risus dapibus augue vel accumsan;188;25;false;system;2017-10-09 03:11:12;;2016-11-25 23:59:43
239;duis ac nibh fusce lacus purus aliquet at;140;97;false;system;2017-05-05 01:14:57;;2016-12-09 15:47:22
240;luctus nec molestie sed justo pellentesque viverra pede ac diam cras pellentesque volutpat dui maecenas;140;82;false;system;2017-06-22 13:08:05;;2016-12-13 03:57:54
241;pellentesque ultrices mattis odio donec vitae;74;40;false;system;2017-06-27 02:30:19;;2016-04-29 19:54:17
242;sed lacus morbi sem mauris laoreet ut rhoncus aliquet pulvinar;85;59;false;system;2017-06-13 08:19:53;;2016-02-05 19:10:37
243;curae donec pharetra magna vestibulum aliquet;137;31;false;system;2017-04-27 20:36:31;;2016-02-04 13:15:41
244;vivamus vel nulla eget eros elementum pellentesque quisque porta volutpat erat quisque erat eros viverra;148;62;false;system;2017-03-16 08:26:29;;2016-10-23 05:30:29
245;nibh in quis justo maecenas rhoncus aliquam lacus morbi quis tortor id nulla ultrices aliquet;115;30;false;system;2017-01-14 15:35:21;;2016-03-19 16:41:09
246;id ligula suspendisse ornare consequat;58;26;false;system;2017-10-18 19:39:26;;2016-09-22 05:30:57
247;velit id pretium iaculis diam;40;40;false;system;2017-09-04 23:21:19;;2016-09-04 23:03:08
248;amet lobortis sapien sapien non mi integer ac neque duis bibendum morbi;18;40;false;system;2017-07-28 03:34:20;;2016-01-14 15:24:37
249;sit amet nunc viverra dapibus nulla suscipit ligula in lacus curabitur at ipsum ac;156;79;false;system;2017-09-13 07:00:57;;2016-10-08 11:53:01
250;nulla ut erat id mauris;125;26;false;system;2017-05-05 18:43:19;;2016-10-09 16:15:20
251;proin eu mi nulla ac enim in tempor turpis nec euismod scelerisque quam;96;83;false;system;2017-07-04 23:49:40;;2016-10-21 19:09:03
252;et eros vestibulum ac est lacinia nisi venenatis tristique fusce;189;76;false;system;2017-10-28 15:30:04;;2016-12-04 04:04:29
253;ligula nec sem duis aliquam convallis nunc;10;19;false;system;2017-01-16 05:28:11;;2016-05-03 18:54:01
254;vulputate luctus cum sociis natoque penatibus;125;48;false;system;2017-11-24 20:22:23;;2017-01-01 19:29:16
255;dis parturient montes nascetur ridiculus mus etiam vel augue vestibulum rutrum;42;49;false;system;2017-03-02 20:44:13;;2016-01-17 22:33:11
256;sed sagittis nam congue risus;34;11;false;system;2017-04-03 09:55:55;;2016-10-17 10:32:17
257;ut ultrices vel augue vestibulum ante ipsum;72;97;false;system;2017-03-04 03:05:58;;2016-03-14 17:05:10
258;enim in tempor turpis nec euismod scelerisque quam turpis adipiscing;113;47;false;system;2017-09-09 11:23:13;;2016-07-18 03:52:30
259;quisque arcu libero rutrum ac lobortis vel dapibus at diam nam tristique tortor eu;143;34;false;system;2017-06-15 02:50:08;;2017-01-08 16:22:07
260;dictumst morbi vestibulum velit id pretium iaculis diam erat;113;37;false;system;2017-09-21 23:06:26;;2016-09-12 16:18:30
261;magnis dis parturient montes nascetur ridiculus mus etiam vel augue vestibulum rutrum rutrum neque;174;83;false;system;2017-04-30 05:49:42;;2016-11-20 23:52:27
262;nulla eget eros elementum pellentesque quisque porta volutpat erat;56;30;false;system;2017-09-21 18:26:57;;2016-09-08 07:48:22
263;bibendum felis sed interdum venenatis turpis enim blandit mi;62;54;false;system;2017-02-02 03:25:44;;2016-06-26 05:43:24
264;ac consequat metus sapien ut nunc vestibulum ante ipsum primis in faucibus orci luctus et;105;39;false;system;2017-12-21 01:01:10;;2016-10-13 11:23:15
265;tempor convallis nulla neque libero convallis eget eleifend;3;55;false;system;2017-05-18 05:17:11;;2016-02-21 03:04:14
266;orci eget orci vehicula condimentum curabitur in libero ut massa;100;83;false;system;2017-09-04 03:00:39;;2016-11-28 10:21:27
267;vel ipsum praesent blandit lacinia;11;75;false;system;2017-02-27 12:27:04;;2016-07-11 15:45:03
268;porttitor lorem id ligula suspendisse ornare consequat lectus in est risus auctor;109;51;false;system;2017-05-05 00:31:16;;2017-01-10 15:02:45
269;est lacinia nisi venenatis tristique fusce congue diam id ornare imperdiet sapien urna;160;41;false;system;2017-02-10 15:16:13;;2016-03-26 20:41:52
270;vestibulum ante ipsum primis in faucibus orci;114;87;false;system;2017-05-28 03:03:29;;2016-11-19 05:16:03
271;elementum in hac habitasse platea dictumst morbi vestibulum velit id pretium iaculis diam erat;71;35;false;system;2017-01-15 19:02:44;;2016-08-14 18:58:38
272;ipsum dolor sit amet consectetuer adipiscing elit proin;7;95;false;system;2018-01-10 15:34:48;;2016-08-25 01:03:06
273;maecenas tristique est et tempus semper est quam pharetra magna ac consequat metus;160;4;false;system;2017-05-18 16:34:07;;2016-05-30 18:57:53
274;eu est congue elementum in hac habitasse platea dictumst morbi vestibulum;34;97;false;system;2017-12-16 12:42:54;;2016-11-25 12:23:04
275;natoque penatibus et magnis dis parturient;133;60;false;system;2017-09-27 04:45:34;;2016-07-23 20:19:40
276;amet turpis elementum ligula vehicula consequat morbi;148;2;false;system;2017-05-28 17:36:29;;2016-05-26 09:30:43
277;sit amet justo morbi ut odio cras mi pede malesuada in imperdiet et commodo vulputate;196;36;false;system;2017-01-16 23:55:54;;2016-03-24 17:38:42
278;integer ac leo pellentesque ultrices mattis odio donec vitae nisi nam ultrices;65;45;false;system;2017-05-09 09:05:58;;2016-04-25 08:59:00
279;nibh quisque id justo sit amet sapien dignissim;163;67;false;system;2017-06-14 16:39:35;;2016-02-24 04:37:18
280;cum sociis natoque penatibus et magnis dis parturient montes nascetur ridiculus mus;158;57;false;system;2017-02-14 04:56:52;;2016-12-01 02:32:38
281;mattis pulvinar nulla pede ullamcorper;22;36;false;system;2017-03-17 05:30:02;;2016-09-18 08:58:19
282;duis aliquam convallis nunc proin at turpis a pede posuere nonummy integer non velit donec;152;1;false;system;2017-03-09 07:31:14;;2016-09-13 13:25:27
283;fusce lacus purus aliquet at feugiat non;11;89;false;system;2017-02-27 02:20:05;;2016-10-03 13:54:09
284;nec sem duis aliquam convallis nunc proin;142;21;false;system;2017-01-15 05:44:37;;2016-02-02 02:24:46
285;at turpis a pede posuere nonummy integer non velit donec diam;51;93;false;system;2017-11-17 03:02:07;;2016-10-01 15:59:27
286;vestibulum ante ipsum primis in faucibus orci luctus et ultrices posuere cubilia;2;3;false;system;2017-07-15 03:17:08;;2016-03-05 01:22:28
287;hac habitasse platea dictumst etiam faucibus cursus urna ut tellus nulla ut erat id;28;51;false;system;2017-07-18 04:17:31;;2016-11-13 08:57:43
288;adipiscing elit proin risus praesent lectus vestibulum quam sapien varius ut blandit non interdum;158;98;false;system;2017-05-30 20:24:28;;2016-06-16 01:54:03
289;ultrices posuere cubilia curae nulla dapibus dolor vel est donec odio;18;58;false;system;2017-12-08 17:17:43;;2016-12-09 02:01:39
290;vel pede morbi porttitor lorem id ligula suspendisse ornare consequat lectus in est risus;14;33;false;system;2017-06-23 13:18:37;;2016-06-29 03:31:36
291;quam fringilla rhoncus mauris enim leo rhoncus;84;90;false;system;2017-05-06 12:46:00;;2016-04-14 04:12:46
292;etiam justo etiam pretium iaculis justo in hac;126;39;false;system;2017-06-10 03:45:40;;2016-02-23 10:07:25
293;nunc purus phasellus in felis donec semper;105;74;false;system;2017-01-21 23:53:48;;2016-10-10 10:12:57
294;orci vehicula condimentum curabitur in libero ut massa volutpat convallis morbi odio odio;149;75;false;system;2018-01-09 11:54:12;;2016-01-19 03:32:49
295;elementum ligula vehicula consequat morbi a ipsum integer a nibh in quis;57;100;false;system;2017-08-14 06:17:29;;2016-11-21 21:02:25
296;eleifend pede libero quis orci nullam molestie nibh in lectus pellentesque at;87;94;false;system;2017-08-05 20:39:43;;2017-01-01 21:44:05
297;in hac habitasse platea dictumst aliquam augue quam sollicitudin vitae consectetuer;60;27;false;system;2017-05-04 22:58:09;;2016-01-13 07:26:38
298;vestibulum velit id pretium iaculis diam erat fermentum;137;75;false;system;2017-12-22 04:29:16;;2016-09-13 12:10:30
299;eget semper rutrum nulla nunc purus phasellus in felis donec semper sapien a libero;138;14;false;system;2017-01-14 05:40:54;;2016-09-01 16:25:12
300;cras non velit nec nisi vulputate nonummy;37;66;false;system;2017-11-18 14:49:16;;2016-03-27 11:00:21
301;praesent lectus vestibulum quam sapien varius ut blandit non interdum in ante vestibulum ante;105;32;false;system;2018-01-06 18:46:47;;2016-07-21 06:41:37
302;morbi sem mauris laoreet ut rhoncus aliquet pulvinar sed nisl nunc rhoncus;1;20;false;system;2018-01-11 09:51:43;;2016-10-22 17:21:02
303;fringilla rhoncus mauris enim leo;183;75;false;system;2017-10-03 07:31:23;;2016-09-06 02:57:11
304;convallis morbi odio odio elementum eu interdum;23;30;false;system;2017-01-18 15:05:38;;2016-01-27 22:47:32
305;ut suscipit a feugiat et eros vestibulum ac est lacinia nisi venenatis tristique fusce congue;191;43;false;system;2017-09-26 08:56:14;;2016-11-29 08:25:55
306;quisque erat eros viverra eget congue eget semper rutrum nulla nunc purus phasellus in felis;159;84;false;system;2017-11-27 12:21:46;;2016-08-24 17:58:04
307;vestibulum sagittis sapien cum sociis natoque penatibus et magnis dis parturient;12;45;false;system;2017-01-30 09:14:22;;2016-10-04 21:18:23
308;in sapien iaculis congue vivamus metus arcu adipiscing molestie hendrerit at vulputate vitae nisl;99;80;false;system;2017-10-31 14:38:04;;2016-11-11 14:46:13
309;mauris viverra diam vitae quam suspendisse;153;80;false;system;2017-06-26 20:04:46;;2016-09-23 18:36:20
310;in tempor turpis nec euismod scelerisque quam turpis;180;38;false;system;2018-01-03 14:58:02;;2016-09-09 21:59:42
311;consequat morbi a ipsum integer a nibh in quis justo maecenas rhoncus aliquam lacus;133;49;false;system;2017-08-15 10:04:15;;2016-12-02 02:35:52
312;magnis dis parturient montes nascetur ridiculus mus vivamus vestibulum sagittis sapien cum;134;42;false;system;2017-02-14 12:59:06;;2016-03-15 21:47:28
313;faucibus cursus urna ut tellus nulla ut erat id mauris vulputate elementum nullam;113;39;false;system;2017-07-27 15:21:54;;2016-04-28 11:41:05
314;sapien cum sociis natoque penatibus et magnis dis;98;19;false;system;2017-07-26 02:10:15;;2016-04-12 19:28:16
315;at dolor quis odio consequat varius integer ac leo pellentesque ultrices mattis;112;41;false;system;2017-05-13 06:27:40;;2016-02-11 22:31:18
316;porta volutpat quam pede lobortis ligula sit amet eleifend pede libero;124;88;false;system;2017-04-14 21:53:25;;2016-10-08 04:41:29
317;ultrices mattis odio donec vitae nisi nam ultrices libero;72;33;false;system;2017-04-26 23:14:24;;2016-06-24 04:44:59
318;cubilia curae duis faucibus accumsan;140;66;false;system;2017-05-11 07:01:34;;2016-08-23 07:25:19
319;phasellus sit amet erat nulla tempus vivamus;38;40;false;system;2017-02-12 09:30:44;;2016-05-10 02:23:56
320;nascetur ridiculus mus etiam vel augue vestibulum rutrum rutrum neque aenean;105;98;false;system;2017-09-05 12:38:06;;2016-09-28 15:19:00
321;et ultrices posuere cubilia curae donec pharetra magna vestibulum aliquet ultrices erat tortor;162;33;false;system;2017-04-25 17:20:22;;2016-05-17 20:19:26
322;habitasse platea dictumst maecenas ut massa quis augue luctus tincidunt nulla mollis molestie;40;90;false;system;2017-09-23 01:57:43;;2016-03-16 11:08:55
323;neque vestibulum eget vulputate ut ultrices vel augue vestibulum ante ipsum primis in;1;43;false;system;2017-01-22 12:10:05;;2016-11-23 18:06:36
324;in faucibus orci luctus et ultrices;27;36;false;system;2017-09-29 03:52:10;;2016-04-07 21:06:32
325;curabitur gravida nisi at nibh in hac habitasse platea dictumst aliquam augue quam sollicitudin;174;21;false;system;2017-03-30 13:02:52;;2016-08-22 17:52:34
326;nisl venenatis lacinia aenean sit amet;30;68;false;system;2018-01-04 13:36:15;;2016-08-04 23:17:35
327;cubilia curae nulla dapibus dolor vel;162;25;false;system;2017-03-11 06:08:15;;2016-08-05 12:06:42
328;arcu libero rutrum ac lobortis vel dapibus at diam nam tristique tortor eu pede;25;59;false;system;2017-06-29 23:38:22;;2016-03-09 00:47:29
329;vestibulum ante ipsum primis in faucibus orci luctus;116;63;false;system;2017-04-24 12:17:37;;2016-08-12 13:21:40
330;risus dapibus augue vel accumsan tellus nisi eu orci mauris;60;33;false;system;2017-04-02 05:35:07;;2016-01-21 14:22:48
331;ac neque duis bibendum morbi non quam nec dui luctus rutrum nulla;80;52;false;system;2017-05-29 03:11:21;;2016-09-21 21:26:01
332;sit amet nulla quisque arcu libero rutrum ac lobortis vel dapibus at diam nam;45;24;false;system;2017-04-30 16:11:56;;2016-06-06 03:39:27
333;morbi vestibulum velit id pretium iaculis diam erat fermentum justo;167;52;false;system;2018-01-09 10:00:56;;2016-05-06 16:21:57
334;in faucibus orci luctus et ultrices posuere cubilia curae nulla dapibus;91;33;false;system;2017-11-20 21:06:52;;2016-09-14 00:24:59
335;purus aliquet at feugiat non pretium quis lectus suspendisse potenti in eleifend quam;128;76;false;system;2017-09-20 14:23:37;;2016-11-21 04:07:46
336;purus eu magna vulputate luctus;115;31;false;system;2017-07-07 18:17:06;;2017-01-02 11:37:12
337;a feugiat et eros vestibulum ac est lacinia nisi venenatis tristique fusce;10;54;false;system;2017-03-24 18:00:10;;2016-11-08 15:36:54
338;etiam vel augue vestibulum rutrum rutrum;57;32;false;system;2017-04-12 10:01:26;;2016-06-05 05:47:07
339;sed accumsan felis ut at dolor quis odio consequat;138;45;false;system;2017-06-11 09:50:33;;2016-09-19 10:33:22
340;sit amet eros suspendisse accumsan tortor quis turpis sed ante vivamus tortor duis mattis;31;18;false;system;2017-04-06 16:54:29;;2016-05-06 15:45:40
341;odio consequat varius integer ac leo pellentesque ultrices mattis odio;31;88;false;system;2017-12-04 19:57:35;;2016-03-01 09:17:53
342;curae donec pharetra magna vestibulum aliquet ultrices erat tortor sollicitudin;79;66;false;system;2017-10-29 13:06:07;;2016-06-27 20:21:03
343;ultrices erat tortor sollicitudin mi sit amet lobortis sapien sapien non mi;35;10;false;system;2017-10-12 14:00:29;;2016-08-24 16:02:45
344;nam nulla integer pede justo;16;20;false;system;2017-05-09 20:49:20;;2016-12-12 17:47:06
345;tempor turpis nec euismod scelerisque quam turpis adipiscing lorem vitae mattis;153;2;false;system;2017-06-07 17:10:39;;2016-01-23 05:27:07
346;ligula suspendisse ornare consequat lectus in est risus auctor;108;99;false;system;2017-11-11 13:24:01;;2016-04-18 21:59:01
347;sed ante vivamus tortor duis mattis;161;76;false;system;2017-11-25 01:56:17;;2016-11-23 15:31:17
348;pede libero quis orci nullam molestie nibh in lectus pellentesque;161;78;false;system;2017-04-28 11:27:49;;2016-06-02 10:50:01
349;cum sociis natoque penatibus et magnis dis parturient montes nascetur ridiculus;129;47;false;system;2017-07-18 07:40:09;;2016-03-03 19:13:12
350;habitasse platea dictumst morbi vestibulum velit id pretium iaculis diam erat fermentum justo nec;110;73;false;system;2017-06-11 23:23:20;;2016-03-28 10:36:08
351;interdum in ante vestibulum ante ipsum primis in faucibus;75;54;false;system;2017-10-07 04:34:51;;2016-10-18 11:15:21
352;nullam orci pede venenatis non sodales sed tincidunt eu;179;86;false;system;2017-01-31 17:29:57;;2016-11-15 19:00:24
353;tempus vivamus in felis eu sapien cursus vestibulum proin eu mi nulla ac;149;100;false;system;2017-07-03 10:29:06;;2016-07-25 23:40:12
354;at vulputate vitae nisl aenean lectus pellentesque eget nunc donec quis;33;4;false;system;2017-11-30 07:14:54;;2016-12-27 13:30:51
355;vel sem sed sagittis nam congue risus semper porta volutpat quam pede;74;99;false;system;2017-09-03 22:57:59;;2016-06-12 16:40:00
356;vivamus vestibulum sagittis sapien cum sociis;56;82;false;system;2017-02-19 02:39:23;;2016-08-05 08:09:20
357;ante ipsum primis in faucibus orci luctus et ultrices;124;16;false;system;2018-01-12 19:49:52;;2016-10-20 11:16:45
358;luctus rutrum nulla tellus in sagittis dui vel nisl duis ac nibh;94;49;false;system;2017-01-18 06:50:30;;2016-03-01 12:03:42
359;neque libero convallis eget eleifend luctus ultricies eu nibh quisque id;112;72;false;system;2017-04-27 12:24:16;;2016-01-26 16:14:38
360;dui proin leo odio porttitor id consequat in consequat ut nulla sed accumsan;156;75;false;system;2017-08-01 18:10:08;;2016-07-25 07:31:19
361;volutpat dui maecenas tristique est et tempus semper est quam;137;48;false;system;2017-05-03 23:36:16;;2016-12-24 22:26:12
362;eget elit sodales scelerisque mauris;182;39;false;system;2017-06-02 04:11:36;;2016-05-04 04:08:18
363;orci nullam molestie nibh in;115;26;false;system;2017-08-03 04:33:00;;2016-12-10 12:51:04
364;dapibus nulla suscipit ligula in lacus curabitur at ipsum ac tellus;22;72;false;system;2017-04-12 05:07:46;;2016-10-03 22:06:36
365;sit amet sem fusce consequat nulla;90;6;false;system;2017-05-22 04:34:24;;2016-09-14 20:43:26
366;in felis donec semper sapien a libero nam dui proin leo;133;7;false;system;2017-05-24 18:47:04;;2016-10-11 11:12:10
367;morbi ut odio cras mi pede malesuada in imperdiet et commodo vulputate;189;42;false;system;2017-09-11 07:54:29;;2016-10-16 10:19:00
368;enim blandit mi in porttitor pede justo eu;2;37;false;system;2017-02-23 14:39:28;;2016-03-07 23:04:23
369;turpis a pede posuere nonummy integer non velit donec;193;49;false;system;2017-03-29 02:15:44;;2016-01-13 22:06:00
370;ornare consequat lectus in est risus auctor sed tristique in tempus sit amet sem fusce;124;76;false;system;2017-11-02 12:26:37;;2016-04-26 16:00:11
371;odio donec vitae nisi nam ultrices libero non mattis pulvinar nulla pede ullamcorper augue;56;98;false;system;2017-07-14 15:22:10;;2016-09-14 13:32:12
372;et magnis dis parturient montes nascetur ridiculus mus;175;90;false;system;2017-11-07 19:37:38;;2016-05-20 13:28:55
373;hac habitasse platea dictumst aliquam augue quam sollicitudin vitae;25;39;false;system;2017-02-19 17:08:08;;2016-11-22 00:38:06
374;ut odio cras mi pede malesuada in imperdiet et commodo vulputate justo in blandit ultrices;31;95;false;system;2017-01-28 02:31:47;;2016-02-03 12:27:07
375;suspendisse potenti cras in purus eu magna vulputate luctus cum;167;79;false;system;2017-08-25 19:50:40;;2016-03-21 21:05:59
376;sit amet nulla quisque arcu libero rutrum ac lobortis vel dapibus at diam;42;20;false;system;2017-04-07 11:22:07;;2016-04-02 22:23:56
377;sed tristique in tempus sit amet sem fusce consequat nulla nisl nunc;27;80;false;system;2017-04-29 08:10:48;;2016-06-27 10:28:13
378;aliquam lacus morbi quis tortor id nulla ultrices aliquet maecenas leo odio condimentum id;95;76;false;system;2017-07-30 15:05:30;;2016-12-14 15:39:27
379;quis orci nullam molestie nibh in lectus pellentesque at nulla suspendisse potenti cras in purus;5;76;false;system;2017-10-30 13:23:09;;2016-03-10 03:09:58
380;ante nulla justo aliquam quis turpis eget elit sodales scelerisque;182;29;false;system;2017-05-04 03:48:07;;2016-02-27 21:31:56
381;a odio in hac habitasse platea dictumst maecenas ut massa quis augue luctus;51;10;false;system;2017-09-20 08:27:33;;2016-11-21 16:50:45
382;dictumst morbi vestibulum velit id pretium iaculis diam erat fermentum justo nec condimentum neque sapien;39;35;false;system;2018-01-03 00:52:05;;2016-01-21 22:51:12
383;morbi odio odio elementum eu interdum eu tincidunt in leo maecenas pulvinar;86;78;false;system;2017-10-13 21:34:43;;2016-09-15 16:37:53
384;phasellus in felis donec semper sapien a libero nam dui proin leo;71;25;false;system;2017-04-03 14:59:18;;2016-04-30 21:48:16
385;luctus et ultrices posuere cubilia;68;63;false;system;2017-12-24 19:14:15;;2016-12-31 03:27:40
386;lobortis convallis tortor risus dapibus augue vel accumsan tellus nisi eu orci mauris lacinia;106;74;false;system;2017-06-06 00:36:08;;2016-02-14 06:59:11
387;rutrum at lorem integer tincidunt ante vel ipsum praesent blandit lacinia;178;47;false;system;2017-04-24 00:19:59;;2016-10-29 00:28:35
388;in est risus auctor sed tristique in;154;61;false;system;2017-12-14 05:50:08;;2016-05-12 18:39:07
389;orci luctus et ultrices posuere cubilia curae donec pharetra magna;84;86;false;system;2017-10-09 06:06:15;;2017-01-08 17:36:00
390;id justo sit amet sapien dignissim vestibulum;7;18;false;system;2017-05-21 05:28:52;;2016-02-26 01:39:16
391;in purus eu magna vulputate;163;38;false;system;2017-02-01 16:18:05;;2016-04-16 18:27:00
392;ut massa quis augue luctus tincidunt nulla mollis molestie;195;42;false;system;2017-04-15 23:54:55;;2016-05-07 21:38:22
393;suspendisse potenti nullam porttitor lacus at turpis donec posuere metus vitae ipsum aliquam;149;52;false;system;2017-10-08 06:24:26;;2016-10-25 14:50:10
394;et commodo vulputate justo in blandit ultrices enim lorem;180;12;false;system;2018-01-06 18:25:17;;2016-06-09 08:43:02
395;ipsum primis in faucibus orci luctus et ultrices posuere cubilia curae nulla;14;43;false;system;2017-07-28 19:15:21;;2016-02-21 21:31:35
396;sed tincidunt eu felis fusce posuere felis sed lacus morbi sem mauris laoreet;56;15;false;system;2017-01-25 18:12:31;;2016-09-23 03:12:53
397;arcu libero rutrum ac lobortis vel dapibus at diam nam tristique tortor eu;110;62;false;system;2017-10-22 01:35:38;;2016-04-28 15:22:41
398;tempus sit amet sem fusce consequat nulla nisl nunc nisl duis bibendum felis sed interdum;163;44;false;system;2017-01-23 13:04:01;;2016-03-05 16:08:10
399;montes nascetur ridiculus mus etiam vel augue vestibulum rutrum rutrum neque aenean auctor gravida sem;193;38;false;system;2017-08-11 08:52:48;;2016-09-25 18:50:52
400;aliquet pulvinar sed nisl nunc;165;48;false;system;2017-07-27 13:47:18;;2016-11-16 01:09:57
