id;description;status;employee_id;created_by;created_date;last_modified_by;last_modified_date;del_status
1;aliquet ultrices erat tortor sollicitudin mi sit amet lobortis sapien sapien non mi integer ac neque duis bibendum;ACT;2;systems;2016-11-30 02:11:12;Harry Mccoy;2016-05-19 00:24:50;false
2;luctus nec molestie sed justo pellentesque viverra pede ac diam cras pellentesque volutpat dui maecenas tristique est et tempus;ACT;1;systems;2016-08-09 18:08:04;Jeremy Stevens;2016-04-27 14:04:09;false
3;sit amet cursus id turpis integer aliquet massa id lobortis convallis tortor risus dapibus augue vel accumsan tellus nisi eu;ACT;2;systems;2016-07-10 18:32:31;Deborah Boyd;2016-05-27 10:51:08;false
4;aliquam quis turpis eget elit sodales scelerisque mauris sit amet eros suspendisse;ACT;1;systems;2016-04-27 02:21:27;Andrea Turner;2016-06-22 23:49:48;false
5;nam dui proin leo odio porttitor id consequat in consequat ut nulla sed accumsan felis ut at;ACT;2;systems;2016-01-25 14:02:57;Steven Martinez;2016-01-06 11:43:56;false
6;non mauris morbi non lectus aliquam sit amet diam in magna bibendum imperdiet nullam orci;ACT;2;systems;2016-08-02 21:11:58;Roy Scott;2016-09-22 19:21:30;false
7;nisl ut volutpat sapien arcu sed augue aliquam erat volutpat in congue etiam;ACT;2;systems;2016-02-05 11:19:17;Randy Reed;2016-08-25 13:20:07;false
8;nam nulla integer pede justo lacinia eget tincidunt eget tempus vel pede morbi porttitor lorem id ligula;ACT;2;systems;2016-08-27 20:34:04;Debra Sanders;2016-10-02 15:43:31;false
9;tortor id nulla ultrices aliquet maecenas leo odio condimentum id;ACT;2;systems;2016-10-22 19:41:52;Kimberly Mccoy;2016-08-31 15:50:50;false
10;in quam fringilla rhoncus mauris enim leo rhoncus sed vestibulum sit amet cursus;ACT;2;systems;2016-12-24 19:03:22;Ronald Day;2016-05-23 02:17:34;false
11;non sodales sed tincidunt eu felis fusce posuere felis sed lacus;ACT;1;systems;2016-01-20 21:50:53;Ralph Fowler;2016-01-02 14:23:21;false
12;dapibus dolor vel est donec odio justo sollicitudin ut suscipit a feugiat et eros vestibulum ac;ACT;1;systems;2016-10-31 18:54:47;Debra Moore;2016-06-11 15:35:19;false
13;et magnis dis parturient montes nascetur ridiculus mus etiam vel augue vestibulum rutrum rutrum neque aenean auctor gravida sem;ACT;1;systems;2016-07-23 08:13:21;Brandon Arnold;2016-03-13 08:22:33;false
14;enim in tempor turpis nec euismod scelerisque quam turpis adipiscing lorem vitae mattis nibh;ACT;2;systems;2016-07-06 10:20:01;Jeremy Marshall;2016-09-27 20:43:09;false
15;sapien non mi integer ac neque duis bibendum morbi non quam nec dui luctus rutrum nulla tellus;ACT;2;systems;2016-08-20 20:36:06;Carolyn Evans;2016-12-03 12:40:41;false
16;at turpis a pede posuere nonummy integer non velit donec;ACT;1;systems;2016-08-31 20:42:38;Earl Simmons;2016-07-05 19:23:29;false
17;condimentum neque sapien placerat ante nulla justo aliquam quis turpis eget elit sodales scelerisque mauris sit;ACT;1;systems;2016-08-27 16:26:28;Arthur Gordon;2016-02-02 19:12:45;false
18;primis in faucibus orci luctus et ultrices posuere cubilia curae duis faucibus accumsan odio curabitur;ACT;2;systems;2016-02-29 12:58:24;Andrea Lewis;2016-11-03 17:15:23;false
19;tincidunt in leo maecenas pulvinar lobortis est phasellus sit amet erat nulla tempus vivamus in;ACT;2;systems;2016-07-19 15:47:40;Susan Campbell;2016-03-19 12:25:31;false
20;consequat in consequat ut nulla sed accumsan felis ut at dolor quis odio consequat varius integer ac leo;ACT;2;systems;2016-12-04 19:16:07;Michael Palmer;2016-03-03 19:39:43;false
21;facilisi cras non velit nec nisi vulputate nonummy maecenas tincidunt lacus at velit vivamus vel nulla;ACT;2;systems;2016-07-13 10:02:57;Cheryl Lopez;2016-02-06 06:57:23;false
22;curae nulla dapibus dolor vel est donec odio justo sollicitudin ut suscipit a feugiat et eros vestibulum;ACT;2;systems;2016-09-15 18:30:37;Bonnie Davis;2016-06-19 20:10:21;false
23;tellus in sagittis dui vel nisl duis ac nibh fusce;ACT;1;systems;2016-08-21 17:02:50;Sandra Schmidt;2016-06-05 12:51:18;false
24;nulla facilisi cras non velit nec nisi vulputate nonummy maecenas tincidunt lacus;ACT;1;systems;2016-12-04 13:09:58;Martin Hawkins;2016-11-18 19:53:43;false
25;nam ultrices libero non mattis pulvinar nulla pede ullamcorper augue a;ACT;1;systems;2016-07-13 10:41:01;Samuel Shaw;2016-09-10 19:47:25;false
26;fusce posuere felis sed lacus morbi sem mauris laoreet ut rhoncus aliquet pulvinar sed nisl nunc;ACT;2;systems;2016-12-28 20:04:23;Willie Reid;2016-11-29 13:26:42;false
27;nec sem duis aliquam convallis nunc proin at turpis a pede posuere nonummy integer non velit donec diam neque;ACT;2;systems;2016-04-09 16:39:25;Howard Torres;2016-10-24 03:28:50;false
28;sollicitudin vitae consectetuer eget rutrum at lorem integer tincidunt ante vel ipsum praesent blandit lacinia erat vestibulum;ACT;1;systems;2016-04-12 20:48:58;Lois Thomas;2016-01-10 22:59:05;false
29;tincidunt nulla mollis molestie lorem quisque ut erat curabitur gravida nisi at nibh;ACT;1;systems;2016-06-02 05:35:19;Todd Price;2016-03-18 06:24:52;false
30;pede ullamcorper augue a suscipit nulla elit ac nulla sed vel enim sit amet nunc viverra dapibus nulla suscipit;ACT;2;systems;2016-10-20 14:48:29;Jimmy Stewart;2016-08-26 14:52:49;false
31;odio justo sollicitudin ut suscipit a feugiat et eros vestibulum;ACT;2;systems;2016-06-26 16:51:30;Debra Coleman;2016-10-30 14:12:38;false
32;lorem quisque ut erat curabitur gravida nisi at nibh in hac habitasse platea dictumst aliquam augue quam sollicitudin;ACT;1;systems;2016-11-13 06:12:08;Nicholas Johnston;2016-10-07 01:37:27;false
33;venenatis turpis enim blandit mi in porttitor pede justo eu massa donec;ACT;2;systems;2016-01-08 20:45:58;Jonathan Torres;2016-04-11 03:29:57;false
34;purus phasellus in felis donec semper sapien a libero nam dui proin leo odio porttitor id consequat in;ACT;2;systems;2016-07-07 14:00:51;Terry Cruz;2016-08-22 20:38:27;false
35;mi integer ac neque duis bibendum morbi non quam nec dui luctus rutrum nulla tellus;ACT;1;systems;2016-02-04 14:08:03;Rachel Lewis;2016-03-28 14:56:23;false
36;ante ipsum primis in faucibus orci luctus et ultrices posuere cubilia curae duis faucibus;ACT;2;systems;2016-06-18 18:29:51;Paul Hansen;2016-11-07 22:32:49;false
37;proin at turpis a pede posuere nonummy integer non velit donec diam neque vestibulum eget;ACT;1;systems;2016-04-30 05:06:34;Heather Young;2016-10-18 09:21:51;false
38;enim sit amet nunc viverra dapibus nulla suscipit ligula in lacus curabitur at ipsum ac tellus semper interdum mauris;ACT;1;systems;2016-08-29 14:43:54;Victor Sullivan;2016-10-23 07:15:07;false
39;nibh in lectus pellentesque at nulla suspendisse potenti cras in;ACT;1;systems;2016-08-18 17:40:50;James Hansen;2016-06-29 03:28:16;false
40;erat nulla tempus vivamus in felis eu sapien cursus vestibulum;ACT;2;systems;2016-02-21 03:41:21;Ernest Bradley;2016-08-14 07:33:42;false
41;eu mi nulla ac enim in tempor turpis nec euismod scelerisque quam turpis adipiscing lorem vitae mattis nibh ligula nec;ACT;2;systems;2016-04-13 08:06:35;Janice Mills;2016-03-06 04:28:53;false
42;odio in hac habitasse platea dictumst maecenas ut massa quis augue luctus tincidunt;ACT;1;systems;2016-08-05 04:33:22;Sandra Burton;2016-07-09 10:20:43;false
43;cum sociis natoque penatibus et magnis dis parturient montes nascetur ridiculus mus etiam vel;ACT;1;systems;2016-08-19 23:42:04;Stephen Rodriguez;2016-04-13 14:26:42;false
44;non mi integer ac neque duis bibendum morbi non quam nec dui;ACT;1;systems;2016-06-18 18:30:40;Cheryl Weaver;2016-07-13 18:44:51;false
45;magna at nunc commodo placerat praesent blandit nam nulla integer pede justo lacinia eget tincidunt eget tempus vel pede morbi;ACT;2;systems;2016-04-02 16:06:34;Jane Cook;2016-10-25 06:57:51;false
46;justo sollicitudin ut suscipit a feugiat et eros vestibulum ac est lacinia nisi venenatis tristique fusce;ACT;1;systems;2016-10-21 03:13:27;Martha Mason;2016-04-13 11:10:04;false
47;et tempus semper est quam pharetra magna ac consequat metus sapien ut nunc vestibulum ante ipsum;ACT;1;systems;2016-02-26 22:18:49;Kathryn Ortiz;2016-12-26 12:14:20;false
48;rhoncus sed vestibulum sit amet cursus id turpis integer aliquet massa id lobortis convallis tortor risus dapibus augue vel accumsan;ACT;1;systems;2016-10-20 06:04:48;Howard Gonzalez;2016-08-05 12:36:18;false
49;ultrices posuere cubilia curae nulla dapibus dolor vel est donec odio justo sollicitudin ut suscipit a;ACT;1;systems;2016-03-13 03:35:24;Martha Ortiz;2016-06-16 13:29:41;false
50;iaculis diam erat fermentum justo nec condimentum neque sapien placerat ante nulla justo aliquam quis turpis eget elit;ACT;2;systems;2016-09-14 09:22:57;Russell Gilbert;2016-02-09 16:47:09;false
51;aliquam convallis nunc proin at turpis a pede posuere nonummy integer non;ACT;2;systems;2016-10-06 03:51:13;Frances Dunn;2016-10-06 05:42:08;false
52;felis donec semper sapien a libero nam dui proin leo odio porttitor id consequat in consequat ut nulla;ACT;2;systems;2016-02-08 14:27:32;Jason Lawson;2016-05-15 02:58:46;false
53;ligula in lacus curabitur at ipsum ac tellus semper interdum mauris ullamcorper purus sit amet nulla;ACT;2;systems;2016-02-12 11:31:17;Gloria Baker;2016-12-06 00:22:34;false
54;in faucibus orci luctus et ultrices posuere cubilia curae duis faucibus accumsan odio curabitur;ACT;1;systems;2016-12-15 19:06:52;Jose Fox;2016-09-27 15:22:09;false
55;suspendisse potenti nullam porttitor lacus at turpis donec posuere metus vitae ipsum aliquam non mauris morbi;ACT;2;systems;2016-02-02 20:30:05;Sharon Cole;2016-04-14 22:29:24;false
56;ante vivamus tortor duis mattis egestas metus aenean fermentum donec ut mauris eget massa tempor convallis nulla neque libero;ACT;2;systems;2016-09-14 00:44:27;Joshua Mendoza;2016-08-11 00:09:13;false
57;faucibus orci luctus et ultrices posuere cubilia curae mauris viverra diam vitae;ACT;1;systems;2016-09-17 22:24:31;Harold Diaz;2016-06-19 02:41:57;false
58;natoque penatibus et magnis dis parturient montes nascetur ridiculus mus vivamus vestibulum sagittis sapien cum sociis;ACT;1;systems;2016-02-16 10:07:30;Russell Garcia;2016-10-06 17:56:30;false
59;gravida nisi at nibh in hac habitasse platea dictumst aliquam augue quam sollicitudin vitae consectetuer eget;ACT;2;systems;2016-11-21 12:51:50;Steve Burke;2016-07-03 07:27:57;false
60;aliquam erat volutpat in congue etiam justo etiam pretium iaculis;ACT;1;systems;2016-10-10 03:42:26;Adam Hayes;2016-03-08 12:26:10;false
61;massa id nisl venenatis lacinia aenean sit amet justo morbi ut odio cras;ACT;2;systems;2016-09-14 09:58:23;Margaret Schmidt;2016-03-01 23:33:39;false
62;vestibulum aliquet ultrices erat tortor sollicitudin mi sit amet lobortis sapien sapien non mi integer ac neque;ACT;1;systems;2016-04-05 07:35:51;Scott Willis;2016-06-26 09:30:38;false
63;luctus nec molestie sed justo pellentesque viverra pede ac diam cras pellentesque volutpat dui maecenas tristique;ACT;2;systems;2016-08-03 10:31:50;Pamela Reynolds;2016-01-26 16:04:38;false
64;urna ut tellus nulla ut erat id mauris vulputate elementum nullam varius nulla facilisi cras non velit nec nisi;ACT;2;systems;2016-10-12 07:26:15;Brandon Cole;2016-10-24 03:43:05;false
65;rhoncus dui vel sem sed sagittis nam congue risus semper porta volutpat;ACT;1;systems;2016-03-03 04:27:38;Anne Bryant;2016-01-05 02:47:16;false
66;luctus tincidunt nulla mollis molestie lorem quisque ut erat curabitur gravida nisi at nibh in hac habitasse platea dictumst;ACT;2;systems;2016-03-24 09:43:17;Gary Murphy;2016-09-18 20:03:45;false
67;eget rutrum at lorem integer tincidunt ante vel ipsum praesent blandit lacinia erat vestibulum sed magna at nunc commodo placerat;ACT;2;systems;2016-08-19 09:29:30;Anna Davis;2016-01-30 15:53:15;false
68;congue diam id ornare imperdiet sapien urna pretium nisl ut volutpat sapien arcu sed augue aliquam erat volutpat;ACT;1;systems;2016-03-02 18:54:03;Tammy Matthews;2016-01-02 21:44:58;false
69;ligula vehicula consequat morbi a ipsum integer a nibh in quis;ACT;2;systems;2016-09-10 12:20:34;Billy Baker;2016-12-26 03:47:10;false
70;lorem ipsum dolor sit amet consectetuer adipiscing elit proin interdum mauris non ligula pellentesque ultrices phasellus id sapien;ACT;2;systems;2016-06-15 14:40:48;Jesse Mason;2016-09-19 17:19:32;false
71;neque duis bibendum morbi non quam nec dui luctus rutrum nulla tellus in sagittis;ACT;1;systems;2016-01-05 20:27:43;Wayne Morrison;2016-04-10 16:48:52;false
72;pretium iaculis justo in hac habitasse platea dictumst etiam faucibus;ACT;2;systems;2016-01-15 06:20:49;Richard Mitchell;2016-12-06 13:05:22;false
73;congue eget semper rutrum nulla nunc purus phasellus in felis donec semper sapien a libero nam dui proin leo;ACT;2;systems;2016-08-09 13:56:23;Tina Jackson;2016-06-20 18:16:51;false
74;ipsum praesent blandit lacinia erat vestibulum sed magna at nunc;ACT;2;systems;2016-10-26 20:02:08;Craig Woods;2016-06-15 04:46:31;false
75;vestibulum proin eu mi nulla ac enim in tempor turpis nec euismod scelerisque;ACT;2;systems;2016-04-13 06:57:42;Cheryl Schmidt;2016-10-04 15:00:19;false
76;potenti nullam porttitor lacus at turpis donec posuere metus vitae ipsum aliquam;ACT;2;systems;2016-04-24 18:28:40;Sara Stewart;2016-01-13 01:13:07;false
77;lacinia aenean sit amet justo morbi ut odio cras mi pede malesuada in imperdiet et commodo vulputate justo in;ACT;1;systems;2016-10-27 07:28:53;Phyllis Lawrence;2016-06-07 10:47:47;false
78;tempus sit amet sem fusce consequat nulla nisl nunc nisl duis bibendum felis sed interdum venenatis;ACT;2;systems;2016-07-30 00:28:07;Heather Garrett;2016-07-12 15:07:00;false
79;eu felis fusce posuere felis sed lacus morbi sem mauris laoreet ut rhoncus;ACT;2;systems;2016-06-03 22:35:19;Laura Cunningham;2016-06-14 07:01:26;false
80;vivamus vel nulla eget eros elementum pellentesque quisque porta volutpat erat quisque erat eros viverra eget congue;ACT;2;systems;2016-01-14 07:45:40;Nancy Gordon;2016-12-13 16:41:57;false
81;nonummy maecenas tincidunt lacus at velit vivamus vel nulla eget eros elementum pellentesque quisque porta volutpat erat quisque;ACT;1;systems;2016-03-21 02:57:57;Phyllis Henry;2016-08-20 08:58:24;false
82;donec odio justo sollicitudin ut suscipit a feugiat et eros vestibulum ac est lacinia nisi venenatis;ACT;1;systems;2016-09-02 23:28:34;Benjamin Lee;2016-04-08 18:32:09;false
83;maecenas tristique est et tempus semper est quam pharetra magna ac consequat metus sapien ut nunc vestibulum ante;ACT;2;systems;2016-10-22 18:59:44;Russell Dixon;2016-09-06 13:54:15;false
84;feugiat non pretium quis lectus suspendisse potenti in eleifend quam a odio in hac habitasse platea dictumst maecenas ut;ACT;1;systems;2016-01-25 16:43:06;Chris Perkins;2016-06-14 01:07:16;false
85;purus eu magna vulputate luctus cum sociis natoque penatibus et magnis dis parturient montes nascetur ridiculus mus vivamus;ACT;1;systems;2016-04-07 00:58:10;Gary Fisher;2016-10-02 08:04:11;false
86;mi nulla ac enim in tempor turpis nec euismod scelerisque quam turpis adipiscing lorem vitae mattis;ACT;1;systems;2016-03-17 05:38:26;Jason Lawson;2016-03-18 12:41:10;false
87;ultrices posuere cubilia curae duis faucibus accumsan odio curabitur convallis duis consequat dui nec nisi volutpat eleifend donec;ACT;2;systems;2016-12-18 06:11:25;Phillip Medina;2016-08-17 23:51:32;false
88;tristique in tempus sit amet sem fusce consequat nulla nisl nunc;ACT;1;systems;2016-07-28 04:41:28;Arthur Daniels;2016-08-16 03:25:08;false
89;proin leo odio porttitor id consequat in consequat ut nulla;ACT;2;systems;2016-03-13 16:40:06;Robin Perez;2016-12-23 08:25:18;false
90;duis bibendum felis sed interdum venenatis turpis enim blandit mi in;ACT;1;systems;2016-08-11 20:39:18;Rebecca Simpson;2016-05-21 18:07:10;false
91;cras non velit nec nisi vulputate nonummy maecenas tincidunt lacus;ACT;2;systems;2016-06-16 05:51:49;Andrew Harrison;2016-09-10 11:35:29;false
92;id massa id nisl venenatis lacinia aenean sit amet justo morbi ut odio cras mi pede malesuada in imperdiet;ACT;2;systems;2016-08-01 12:15:07;Ashley Campbell;2016-05-28 02:18:57;false
93;interdum mauris ullamcorper purus sit amet nulla quisque arcu libero rutrum ac lobortis;ACT;2;systems;2016-01-17 19:12:49;Ruth Ross;2016-04-19 17:07:37;false
94;fringilla rhoncus mauris enim leo rhoncus sed vestibulum sit amet cursus id turpis integer aliquet;ACT;1;systems;2016-04-10 19:06:48;Jessica Watkins;2016-05-14 18:37:16;false
95;non lectus aliquam sit amet diam in magna bibendum imperdiet nullam orci pede venenatis non sodales sed tincidunt eu;ACT;2;systems;2016-09-05 05:00:04;Craig Frazier;2016-03-26 16:16:54;false
96;interdum mauris non ligula pellentesque ultrices phasellus id sapien in sapien;ACT;1;systems;2016-11-11 22:16:15;Charles Henderson;2016-02-17 04:33:55;false
97;vel augue vestibulum rutrum rutrum neque aenean auctor gravida sem praesent;ACT;1;systems;2016-03-16 02:22:01;Jeffrey Lopez;2016-09-26 11:37:45;false
98;blandit nam nulla integer pede justo lacinia eget tincidunt eget tempus vel pede morbi porttitor lorem;ACT;1;systems;2016-11-11 02:05:49;Edward Gardner;2016-10-18 22:53:11;false
99;nibh in hac habitasse platea dictumst aliquam augue quam sollicitudin vitae consectetuer eget rutrum at lorem integer tincidunt ante vel;ACT;1;systems;2016-07-31 03:13:21;Carol Parker;2016-07-26 05:06:59;false
100;leo odio condimentum id luctus nec molestie sed justo pellentesque viverra pede ac;ACT;2;systems;2016-12-21 13:34:15;Theresa Nelson;2016-05-17 14:20:29;false
